model_node,model,train_time,optimisation_time,model_r2,test_node,discrepancy,model_r2-d,test_r2,mmd_score,ocsvm_score,kernel,experiment,std,asmmd
pi2,SVR(C=10),0.02,0.3,0.99,pi3,0.06,0.9317909291219814,0.9817039487102072,0.03,0.77,rbf,1,True,0.06677651405334473
pi3,SVR(C=0.1),0.02,0.33,0.98,pi2,0.04,0.9423377743241641,0.9926564461604143,0.03,0.71,rbf,1,True,0.06677651405334473
pi2,"SVR(C=0.1, kernel='linear')",0.01,0.27,0.99,pi3,0.05,0.9409971380540229,0.9444335978571874,0.03,0.77,linear,1,True,0.06677651405334473
pi3,SVR(kernel='linear'),0.01,0.29,0.94,pi2,0.04,0.9852467304383533,0.9890545449093878,0.03,0.71,linear,1,True,0.06677651405334473
pi2,SVR(),0.02,0.24,0.79,pi3,0.54,0.25484214166506514,0.6876484325722165,0.03,0.33,rbf,2,True,0.03853114446004232
pi3,"SVR(C=10, epsilon=0.5)",0.01,0.43,0.69,pi2,5.95,-5.261246832263792,0.7916809423823664,0.03,0.86,rbf,2,True,0.03853114446004232
pi2,"SVR(C=0.1, kernel='linear')",0.0,0.23,0.75,pi3,0.47,0.2798931529781298,0.46687590012593305,0.03,0.33,linear,2,True,0.03853114446004232
pi3,"SVR(C=10, epsilon=0.5, kernel='linear')",0.02,0.41,0.47,pi2,0.58,-0.11103020805648578,0.7514318250439871,0.03,0.86,linear,2,True,0.03853114446004232
