model_node,model,model_r2,train_time,optimisation_time,test_node,discrepancy,model_r2-d,test_r2,mmd_score,ocsvm_score,kernel,experiment,std,asmmd
pi2,SVR(C=10),0.99,0.13,1.52,pi3,0.05,0.9375394531695815,0.9828934100801586,0.03,0.79,rbf,1,True,0.049085100491841636
pi3,SVR(),0.98,0.1,1.56,pi2,0.04,0.9462923108110161,0.9924301542519233,0.03,0.65,rbf,1,True,0.049085100491841636
pi2,"SVR(C=0.1, kernel='linear')",0.99,0.03,1.36,pi3,0.04,0.9469162605092756,0.9483190787329976,0.03,0.79,linear,1,True,0.049085100491841636
pi3,"SVR(C=10, kernel='linear')",0.95,0.15,1.63,pi2,0.04,0.9851123484690252,0.9887248403326184,0.03,0.65,linear,1,True,0.049085100491841636
pi2,"SVR(C=1, epsilon=0.5)",0.33,0.03,1.59,pi3,0.09,0.4192020910617372,0.6561737575394682,0.03,0.3,rbf,2,True,0.0429874062538147
pi3,"SVR(C=1, epsilon=0.5)",0.66,0.04,1.95,pi2,0.36,0.29915628704578956,0.32919983500700634,0.03,0.74,rbf,2,True,0.0429874062538147
pi2,"SVR(C=1, epsilon=0.5, kernel='linear')",0.24,0.02,2.08,pi3,0.21,0.4508594257491012,0.4914839335088984,0.03,0.3,linear,2,True,0.0429874062538147
pi3,"SVR(C=1, epsilon=0.5, kernel='linear')",0.49,0.04,1.9,pi2,0.28,0.20790590529703068,0.23698466993386869,0.03,0.74,linear,2,True,0.0429874062538147
