model_node,model,model_r2,train_time,optimisation_time,test_node,discrepancy,model_r2-d,test_r2,mmd_score,ocsvm_score,kernel,experiment,std,asmmd
pi2,SVR(C=10),0.99,0.11,1.41,pi3,0.05,0.9423573327015278,0.984297988370803,0.03,0.81,rbf,1,True,0.056538800398508705
pi3,SVR(),0.98,0.09,1.58,pi2,0.03,0.956265094870979,0.9925681686465861,0.03,0.74,rbf,1,True,0.056538800398508705
pi2,SVR(kernel='linear'),0.99,0.07,1.3,pi3,0.04,0.948457800927449,0.9514920214924814,0.03,0.81,linear,1,True,0.056538800398508705
pi3,SVR(kernel='linear'),0.95,0.08,1.53,pi2,0.03,0.9839629201277202,0.9897091685278496,0.03,0.74,linear,1,True,0.056538800398508705
pi3,SVR(),0.77,0.13,1.6,pi5,0.04,0.7233069663870857,0.8902597006907006,0.03,0.84,rbf,2,True,0.03699843088785807
pi5,SVR(C=10),0.89,0.1,1.31,pi3,0.19,0.7005290384398412,0.766259828002182,0.03,0.82,rbf,2,True,0.03699843088785807
pi3,"SVR(C=0.1, epsilon=0.5, kernel='linear')",0.63,0.02,1.34,pi5,0.09,0.7221445257217465,0.7434379215801218,0.03,0.84,linear,2,True,0.03699843088785807
pi5,SVR(kernel='linear'),0.74,0.06,2.05,pi3,0.13,0.6125106256076029,0.6327747977417403,0.03,0.82,linear,2,True,0.03699843088785807
