model_node,model,model_r2,train_time,optimisation_time,test_node,discrepancy,model_r2-d,test_r2,mmd_score,ocsvm_score,kernel,experiment,std,asmmd
pi2,SVR(C=10),0.99,0.04,0.6,pi3,0.04,0.9530240253477238,0.9841874510886212,0.03,0.73,rbf,1,True,0.04605927069981893
pi3,SVR(),0.98,0.04,0.61,pi2,0.03,0.9535420358569319,0.9900783887747081,0.03,0.65,rbf,1,True,0.04605927069981893
pi2,SVR(kernel='linear'),0.99,0.03,0.63,pi3,0.03,0.9527201216561069,0.9539859922936593,0.03,0.73,linear,1,True,0.04605927069981893
pi3,SVR(kernel='linear'),0.95,0.02,0.57,pi2,0.03,0.9821412047965613,0.9871130019957891,0.03,0.65,linear,1,True,0.04605927069981893
pi2,SVR(C=10),0.84,0.05,0.51,pi3,0.54,0.30107052161989367,0.6427745670902679,0.03,0.3,rbf,2,True,0.04561316967010498
pi3,"SVR(C=1, epsilon=0.5)",0.64,0.03,1.0,pi2,1.36,-0.7171783679329677,0.8379136017272171,0.03,0.81,rbf,2,True,0.04561316967010498
pi2,SVR(kernel='linear'),0.77,0.02,0.56,pi3,0.48,0.2926597940047627,0.4858544102121337,0.03,0.3,linear,2,True,0.04561316967010498
pi3,SVR(kernel='linear'),0.49,0.02,0.8,pi2,0.51,-0.02362666826115256,0.7738463747057424,0.03,0.81,linear,2,True,0.04561316967010498
