model_node,model,train_time,optimisation_time,model_r2,test_node,discrepancy,model_r2-d,test_r2,mmd_score,ocsvm_score,kernel,experiment,std,asmmd
pi2,"SVR(C=10, epsilon=5)",0.0,0.74,0.33,pi4,0.5,-0.16811756914747122,0.4928256111201922,0.21,0.29,rbf,2,False,0.23497608304023743
pi4,"SVR(C=10, epsilon=1)",0.02,0.89,0.49,pi2,1.0,-0.5034388642610437,0.33498559169600284,0.21,0.79,rbf,2,False,0.23497608304023743
pi2,"SVR(C=1, epsilon=2, kernel='linear')",0.01,1.37,0.2,pi4,0.49,-0.28398734222788646,0.050745395759247525,0.21,0.29,linear,2,False,0.23497608304023743
pi4,"SVR(C=0.1, epsilon=2, kernel='linear')",0.02,1.23,0.05,pi2,0.09,0.14548237768517513,0.2044649239260472,0.21,0.79,linear,2,False,0.23497608304023743
pi2,SVR(),0.02,0.31,0.95,pi4,2.6,-1.655747872574497,0.9875295067408065,0.29,0.34,rbf,3,False,0.3100053369998932
pi4,"SVR(C=10, epsilon=0.5)",0.01,0.3,0.99,pi2,0.15,0.841227879460281,0.9460928433884673,0.29,0.47,rbf,3,False,0.3100053369998932
pi2,"SVR(C=0.1, kernel='linear')",0.01,0.33,0.94,pi4,0.03,0.9141866799574008,0.9864508289886973,0.29,0.34,linear,3,False,0.3100053369998932
pi4,"SVR(C=10, kernel='linear')",0.07,0.82,0.99,pi2,0.07,0.9176196850241823,0.9447790932783925,0.29,0.47,linear,3,False,0.3100053369998932
