model_node,model,model_r2,train_time,optimisation_time,test_node,discrepancy,model_r2-d,test_r2,mmd_score,ocsvm_score,asmmd,balanced
pi1,LogisticRegression(max_iter=100000),0.91,0.08,2.92,pi2,0.0,0.9158415841584159,0.9174917491749175,0.1,0.01,0.15669123331705728,False
pi1,LogisticRegression(max_iter=100000),0.91,0.08,2.92,pi3,0.02,0.928099173553719,0.928099173553719,0.06,0.0,0.15669123331705728,False
pi2,LogisticRegression(max_iter=100000),0.92,0.04,3.32,pi1,0.0,0.9126853377265239,0.9126853377265239,0.1,0.08,0.15669123331705728,False
pi3,LogisticRegression(max_iter=100000),0.93,0.04,3.39,pi1,0.02,0.9126853377265239,0.9126853377265239,0.06,0.03,0.15669123331705728,False
pi1,LogisticRegression(max_iter=100000),0.87,0.03,1.84,pi2,0.02,0.8528528528528528,0.8528528528528528,0.15,0.02,0.44022130966186523,True
pi2,LogisticRegression(max_iter=100000),0.85,0.03,2.01,pi1,0.01,0.8661417322834646,0.8740157480314961,0.15,0.12,0.44022130966186523,True
pi4,LogisticRegression(max_iter=100000),0.71,0.03,1.98,pi5,0.01,0.7010078387458006,0.70996640537514,0.31,0.04,0.44022130966186523,True
pi5,LogisticRegression(max_iter=100000),0.71,0.03,1.71,pi4,0.01,0.7157569515962925,0.709577754891864,0.31,0.01,0.44022130966186523,True
