model_node,model,model_r2,train_time,optimisation_time,test_node,discrepancy,model_r2-d,test_r2,mmd_score,ocsvm_score,asmmd,balanced
pi1,LogisticRegression(max_iter=100000),0.92,0.08,3.47,pi3,0.0,0.9141914191419142,0.9141914191419142,0.02,0.0,0.12453317642211914,False
pi3,LogisticRegression(max_iter=100000),0.91,0.11,3.4,pi1,0.0,0.9110378912685337,0.9151565074135091,0.02,0.03,0.12453317642211914,False
pi3,LogisticRegression(max_iter=100000),0.91,0.11,3.4,pi2,0.01,0.9225700164744646,0.9250411861614497,0.13,0.98,0.12453317642211914,False
pi2,LogisticRegression(max_iter=100000),0.93,0.08,3.47,pi3,0.01,0.915016501650165,0.9141914191419142,0.13,0.98,0.12453317642211914,False
pi1,LogisticRegression(max_iter=100000),0.88,0.05,1.9,pi3,0.02,0.8632911392405064,0.8632911392405064,0.1,0.01,0.6749382019042969,True
pi3,LogisticRegression(max_iter=100000),0.86,0.05,1.96,pi1,0.03,0.8905472636815921,0.8830845771144279,0.1,0.08,0.6749382019042969,True
pi4,LogisticRegression(max_iter=100000),0.72,0.03,2.3,pi5,0.0,0.7219251336898396,0.7229946524064171,0.27,0.1,0.6749382019042969,True
pi5,"LogisticRegression(C=0.01, max_iter=100000)",0.72,0.06,2.23,pi4,0.0,0.7231578947368421,0.72,0.27,0.01,0.6749382019042969,True
