model_node,model,model_r2,train_time,optimisation_time,test_node,discrepancy,model_r2-d,test_r2,mmd_score,ocsvm_score,asmmd,balanced
pi2,LogisticRegression(max_iter=100000),0.93,0.05,4.1,pi3,0.02,0.9051937345424568,0.9084913437757626,0.14,1.0,0.16947364807128906,False
pi3,LogisticRegression(max_iter=100000),0.91,0.08,3.28,pi2,0.02,0.9242174629324547,0.9250411861614497,0.14,0.95,0.16947364807128906,False
pi1,LogisticRegression(max_iter=100000),0.88,0.04,2.26,pi3,0.0,0.8766066838046273,0.884318766066838,0.79,0.01,0.7748184204101562,True
pi3,LogisticRegression(max_iter=100000),0.88,0.04,1.94,pi1,0.0,0.8827930174563591,0.8802992518703242,0.79,0.08,0.7748184204101562,True
pi3,LogisticRegression(max_iter=100000),0.88,0.04,1.94,pi2,0.01,0.8905325443786982,0.8875739644970414,0.65,0.9,0.7748184204101562,True
pi2,LogisticRegression(max_iter=100000),0.89,0.03,2.55,pi3,0.02,0.8688946015424165,0.884318766066838,0.65,1.0,0.7748184204101562,True
pi4,LogisticRegression(max_iter=100000),0.73,0.04,2.22,pi5,0.02,0.7071038251366121,0.7147540983606557,0.27,0.07,0.7748184204101562,True
pi5,LogisticRegression(max_iter=100000),0.71,0.05,2.19,pi4,0.02,0.7304812834224599,0.7283422459893049,0.27,0.01,0.7748184204101562,True
