model_node,model,train_time,optimisation_time,model_r2,test_node,discrepancy,model_r2-d,test_r2,mmd_score,ocsvm_score,asmmd,balanced
pi2,LogisticRegression(max_iter=100000),0.01,0.59,0.95,pi5,0.01,0.9491118578972636,0.9491118578972636,27.56,0.99,30.00800030048077,True
pi5,LogisticRegression(max_iter=100000),0.02,0.68,0.95,pi2,0.0,0.952449567723343,0.9548511047070125,27.56,0.99,30.00800030048077,True
pi5,LogisticRegression(max_iter=100000),0.02,0.68,0.95,pi3,0.0,0.9482014388489208,0.9482014388489208,21.92,0.99,30.00800030048077,True
pi3,LogisticRegression(max_iter=100000),0.01,0.63,0.95,pi5,0.0,0.9500720115218435,0.9491118578972636,21.92,0.98,30.00800030048077,True
pi2,LogisticRegression(max_iter=100000),0.01,0.51,0.97,pi5,0.0,0.9690501600853789,0.9690501600853789,27.16,0.99,33.22603665865385,False
pi5,LogisticRegression(max_iter=100000),0.02,1.21,0.97,pi2,0.0,0.9700854700854701,0.9700854700854701,27.16,0.97,33.22603665865385,False
pi5,LogisticRegression(max_iter=100000),0.02,1.21,0.97,pi3,0.01,0.9632,0.9632,21.97,0.98,33.22603665865385,False
pi3,LogisticRegression(max_iter=100000),0.02,1.38,0.96,pi5,0.01,0.9690501600853789,0.9690501600853789,21.97,0.98,33.22603665865385,False
