model_node,model,model_r2,train_time,optimisation_time,test_node,discrepancy,model_r2-d,test_r2,mmd_score,ocsvm_score,asmmd,balanced
pi1,"LogisticRegression(class_weight='balanced', max_iter=100000)",0.85,0.07,3.05,pi3,0.01,0.854080791426216,0.8351195383347073,0.05,0.01,0.11267518997192383,False
pi3,"LogisticRegression(class_weight='balanced', max_iter=100000)",0.84,0.04,2.52,pi1,0.0,0.8351195383347073,0.8458367683429514,0.05,0.07,0.11267518997192383,False
pi1,"LogisticRegression(C=0.01, max_iter=100000)",0.87,0.03,2.23,pi2,0.01,0.8689839572192514,0.8823529411764706,0.68,0.01,1.0968108177185059,True
pi1,"LogisticRegression(C=0.01, max_iter=100000)",0.87,0.03,2.23,pi3,0.0,0.87468671679198,0.8796992481203008,0.81,0.02,1.0968108177185059,True
pi2,LogisticRegression(max_iter=100000),0.88,0.03,2.81,pi1,0.0,0.8793503480278422,0.8747099767981439,0.68,0.14,1.0968108177185059,True
pi3,LogisticRegression(max_iter=100000),0.88,0.06,1.98,pi1,0.01,0.8654292343387471,0.8747099767981439,0.81,0.13,1.0968108177185059,True
pi4,LogisticRegression(max_iter=100000),0.72,0.05,2.19,pi5,0.0,0.7190889370932755,0.7180043383947939,0.32,0.08,1.0968108177185059,True
pi5,LogisticRegression(max_iter=100000),0.72,0.05,2.03,pi4,0.0,0.7195253505933118,0.7152103559870551,0.32,0.01,1.0968108177185059,True
