model_node,model,train_time,optimisation_time,model_r2,test_node,discrepancy,model_r2-d,test_r2,mmd_score,ocsvm_score,asmmd,balanced
pi2,LogisticRegression(max_iter=100000),0.02,0.79,0.95,pi4,0.0,0.9529072561268621,0.952426717924075,14.56,0.98,15.7496337890625,True
pi4,LogisticRegression(max_iter=100000),0.01,0.62,0.95,pi2,0.0,0.9553742802303263,0.9544145873320538,14.56,0.98,15.7496337890625,True
pi2,LogisticRegression(max_iter=100000),0.02,0.68,0.97,pi4,0.0,0.9674319273892151,0.9674319273892151,17.33,0.99,19.577985491071427,False
pi4,LogisticRegression(max_iter=100000),0.01,0.48,0.97,pi2,0.0,0.9716880341880342,0.9716880341880342,17.33,0.97,19.577985491071427,False
