model_node,model,model_r2,train_time,optimisation_time,test_node,discrepancy,model_r2-d,test_r2,mmd_score,ocsvm_score,asmmd,balanced
pi2,"LogisticRegression(class_weight='balanced', max_iter=100000)",0.83,0.06,3.2,pi3,0.01,0.8407590759075908,0.8415841584158416,0.05,0.99,0.14891290664672852,False
pi3,"LogisticRegression(class_weight='balanced', max_iter=100000)",0.84,0.05,2.76,pi2,0.01,0.8318219291014015,0.8301731244847486,0.05,0.96,0.14891290664672852,False
pi2,LogisticRegression(max_iter=100000),0.87,0.06,1.95,pi3,0.0,0.8692098092643051,0.8746594005449592,0.37,0.99,0.432614008585612,True
pi3,LogisticRegression(max_iter=100000),0.87,0.03,1.74,pi2,0.01,0.8676056338028169,0.8704225352112676,0.37,0.93,0.432614008585612,True
pi4,LogisticRegression(max_iter=100000),0.73,0.03,1.95,pi5,0.0,0.7288693743139407,0.7277716794731065,0.29,0.08,0.432614008585612,True
pi5,LogisticRegression(max_iter=100000),0.73,0.03,1.99,pi4,0.01,0.7168610816542949,0.7253446447507953,0.29,0.02,0.432614008585612,True
