model_node,model,model_r2,train_time,optimisation_time,test_node,discrepancy,model_r2-d,test_r2,mmd_score,ocsvm_score,asmmd,balanced
pi1,"LogisticRegression(C=1, max_iter=100000, solver='liblinear')",0.92,0.02,6.45,pi3,0.01,0.909315746084089,0.9101401483924155,0.04,0.0,0.11530367533365886,False
pi3,LogisticRegression(max_iter=100000),0.91,0.07,3.42,pi1,0.0,0.9134377576257213,0.920032976092333,0.04,0.05,0.11530367533365886,False
pi1,LogisticRegression(max_iter=100000),0.87,0.05,1.86,pi2,0.03,0.844574780058651,0.844574780058651,0.28,0.01,0.39974164962768555,True
pi2,LogisticRegression(max_iter=100000),0.84,0.03,1.97,pi1,0.03,0.8706467661691543,0.8706467661691543,0.28,0.09,0.39974164962768555,True
pi2,LogisticRegression(max_iter=100000),0.84,0.03,1.97,pi3,0.01,0.8375,0.8375,0.38,1.0,0.39974164962768555,True
pi3,LogisticRegression(max_iter=100000),0.84,0.03,2.09,pi2,0.01,0.844574780058651,0.844574780058651,0.38,0.96,0.39974164962768555,True
pi4,LogisticRegression(max_iter=100000),0.71,0.04,2.22,pi5,0.0,0.7159827213822895,0.714902807775378,0.23,0.1,0.39974164962768555,True
pi5,LogisticRegression(max_iter=100000),0.71,0.05,2.19,pi4,0.01,0.7010309278350515,0.7123711340206186,0.23,0.01,0.39974164962768555,True
