model_node,model,model_r2,train_time,optimisation_time,test_node,discrepancy,model_r2-d,test_r2,mmd_score,ocsvm_score,asmmd,balanced
pi1,"LogisticRegression(C=1, max_iter=100000, solver='liblinear')",0.92,0.02,2.97,pi3,0.0,0.91440329218107,0.9119341563786009,0.04,0.0,0.08147192001342773,False
pi3,LogisticRegression(max_iter=100000),0.91,0.03,3.22,pi1,0.0,0.9094650205761317,0.9168724279835391,0.04,0.02,0.08147192001342773,False
pi3,LogisticRegression(max_iter=100000),0.91,0.03,3.22,pi2,0.0,0.9126133553173948,0.9117889530090684,0.04,0.98,0.08147192001342773,False
pi2,LogisticRegression(max_iter=100000),0.91,0.03,3.33,pi3,0.0,0.9152263374485596,0.9119341563786009,0.04,0.99,0.08147192001342773,False
pi1,LogisticRegression(max_iter=100000),0.86,0.03,1.75,pi3,0.01,0.856396866840731,0.856396866840731,0.27,0.01,0.6705493927001953,True
pi3,LogisticRegression(max_iter=100000),0.86,0.03,1.93,pi1,0.01,0.8630490956072352,0.8630490956072352,0.27,0.1,0.6705493927001953,True
pi4,LogisticRegression(max_iter=100000),0.73,0.03,2.09,pi5,0.02,0.710989010989011,0.6978021978021978,0.39,0.1,0.6705493927001953,True
pi5,LogisticRegression(max_iter=100000),0.7,0.03,1.9,pi4,0.02,0.71875,0.7291666666666666,0.39,0.01,0.6705493927001953,True
