model_node,model,model_r2,train_time,optimisation_time,test_node,discrepancy,model_r2-d,test_r2,mmd_score,ocsvm_score,asmmd,balanced
pi2,LogisticRegression(max_iter=100000),0.92,0.05,3.69,pi3,0.0,0.9191419141914191,0.9183168316831684,0.13,0.99,0.18737252553304037,False
pi3,"LogisticRegression(C=0.01, max_iter=100000, solver='saga')",0.92,0.08,3.78,pi2,0.0,0.9174917491749175,0.9191419141914191,0.13,0.96,0.18737252553304037,False
pi1,LogisticRegression(max_iter=100000),0.89,0.07,2.24,pi3,0.03,0.8563049853372434,0.8533724340175953,0.34,0.0,0.6091070175170898,True
pi3,LogisticRegression(max_iter=100000),0.85,0.05,2.03,pi1,0.02,0.8714285714285714,0.8857142857142857,0.34,0.08,0.6091070175170898,True
pi4,"LogisticRegression(C=0.01, max_iter=100000)",0.71,0.05,2.2,pi5,0.01,0.7044673539518901,0.7170675830469645,0.3,0.07,0.6091070175170898,True
pi5,LogisticRegression(max_iter=100000),0.72,0.05,2.45,pi4,0.0,0.7127771911298838,0.7127771911298838,0.3,0.01,0.6091070175170898,True
