model_node,model,model_r2,train_time,optimisation_time,test_node,discrepancy,model_r2-d,test_r2,mmd_score,ocsvm_score,asmmd,balanced
pi1,"LogisticRegression(class_weight='balanced', max_iter=100000)",0.84,0.09,2.98,pi3,0.01,0.834983498349835,0.8176567656765676,0.05,0.0,0.1178431510925293,False
pi3,"LogisticRegression(class_weight='balanced', max_iter=100000)",0.82,0.04,2.54,pi1,0.02,0.8359439406430338,0.843363561417972,0.05,0.07,0.1178431510925293,False
pi3,"LogisticRegression(class_weight='balanced', max_iter=100000)",0.82,0.04,2.54,pi2,0.0,0.8186314921681781,0.8276999175597691,0.12,0.98,0.1178431510925293,False
pi2,"LogisticRegression(C=0.01, class_weight='balanced', max_iter=100000,
                   solver='liblinear')",0.83,0.02,3.63,pi3,0.0,0.8292079207920792,0.8176567656765676,0.12,0.99,0.1178431510925293,False
pi1,LogisticRegression(max_iter=100000),0.86,0.07,1.94,pi3,0.03,0.8283582089552238,0.835820895522388,0.09,0.01,0.48638916015625,True
pi3,"LogisticRegression(C=0.1, max_iter=100000, solver='liblinear')",0.84,0.01,1.76,pi1,0.02,0.8561151079136691,0.8585131894484412,0.09,0.12,0.48638916015625,True
pi4,LogisticRegression(max_iter=100000),0.74,0.04,2.54,pi5,0.01,0.735357917570499,0.7288503253796096,0.24,0.08,0.48638916015625,True
pi5,LogisticRegression(max_iter=100000),0.73,0.07,2.6,pi4,0.01,0.741503604531411,0.7445932028836252,0.24,0.02,0.48638916015625,True
