model_node,model,model_r2,train_time,optimisation_time,test_node,discrepancy,model_r2-d,test_r2,mmd_score,ocsvm_score,asmmd,balanced
pi2,"LogisticRegression(C=10, max_iter=100000, solver='liblinear')",0.92,0.02,3.84,pi3,0.0,0.920164609053498,0.9242798353909465,0.02,1.0,0.143280029296875,False
pi3,LogisticRegression(max_iter=100000),0.92,0.05,3.91,pi2,0.01,0.9183168316831684,0.9224422442244224,0.02,0.97,0.143280029296875,False
pi1,LogisticRegression(max_iter=100000),0.87,0.04,2.33,pi3,0.01,0.8551136363636364,0.8551136363636364,0.18,0.01,0.4784860610961914,True
pi3,LogisticRegression(max_iter=100000),0.86,0.03,2.2,pi1,0.01,0.8695652173913043,0.8695652173913043,0.18,0.1,0.4784860610961914,True
pi3,LogisticRegression(max_iter=100000),0.86,0.03,2.2,pi2,0.02,0.8733153638814016,0.876010781671159,0.33,0.96,0.4784860610961914,True
pi2,LogisticRegression(max_iter=100000),0.88,0.04,1.92,pi3,0.01,0.8693181818181818,0.8551136363636364,0.33,0.99,0.4784860610961914,True
pi4,LogisticRegression(max_iter=100000),0.71,0.03,2.25,pi5,0.0,0.710352422907489,0.7081497797356828,0.25,0.12,0.4784860610961914,True
pi5,LogisticRegression(max_iter=100000),0.71,0.04,2.25,pi4,0.0,0.7052083333333333,0.709375,0.25,0.01,0.4784860610961914,True
