model_node,model,model_r2,train_time,optimisation_time,test_node,discrepancy,model_r2-d,test_r2,mmd_score,ocsvm_score,asmmd,balanced
pi1,"LogisticRegression(C=0.01, class_weight='balanced', max_iter=100000,
                   solver='liblinear')",0.84,0.02,2.98,pi2,0.02,0.8161582852431987,0.8202802967848309,0.03,0.01,0.09196949005126953,False
pi2,"LogisticRegression(class_weight='balanced', max_iter=100000)",0.82,0.09,3.5,pi1,0.02,0.8421052631578947,0.8379934210526315,0.03,0.07,0.09196949005126953,False
pi1,LogisticRegression(max_iter=100000),0.85,0.03,2.36,pi2,0.01,0.8622448979591837,0.8622448979591837,0.09,0.02,0.5673046112060547,True
pi2,LogisticRegression(max_iter=100000),0.86,0.06,1.88,pi1,0.01,0.8539603960396039,0.8539603960396039,0.09,0.14,0.5673046112060547,True
pi4,LogisticRegression(max_iter=100000),0.72,0.04,2.36,pi5,0.01,0.7105549510337323,0.7105549510337323,0.26,0.09,0.5673046112060547,True
pi5,LogisticRegression(max_iter=100000),0.71,0.05,2.17,pi4,0.01,0.71898197242842,0.7168610816542949,0.26,0.01,0.5673046112060547,True
