model_node,model,train_time,optimisation_time,model_r2,test_node,discrepancy,model_r2-d,test_r2,mmd_score,ocsvm_score,asmmd,balanced
pi2,LogisticRegression(max_iter=100000),0.01,0.56,0.97,pi3,0.01,0.9642285104111051,0.9642285104111051,34.86,0.99,37.072265625,False
pi3,LogisticRegression(max_iter=100000),0.01,0.53,0.96,pi2,0.01,0.9737827715355806,0.9737827715355806,34.86,0.96,37.072265625,False
pi3,LogisticRegression(max_iter=100000),0.01,0.53,0.96,pi5,0.0,0.9664179104477612,0.9664179104477612,28.03,0.98,37.072265625,False
pi5,LogisticRegression(max_iter=100000),0.02,0.72,0.97,pi3,0.0,0.9642285104111051,0.9642285104111051,28.03,0.98,37.072265625,False
