model_node,model,model_r2,train_time,optimisation_time,test_node,discrepancy,model_r2-d,test_r2,mmd_score,ocsvm_score,asmmd,balanced
pi2,"LogisticRegression(C=10, max_iter=100000, solver='liblinear')",0.92,0.02,3.63,pi3,0.01,0.9092409240924092,0.9166666666666666,0.05,1.0,0.11248111724853516,False
pi3,LogisticRegression(max_iter=100000),0.92,0.05,3.62,pi2,0.0,0.9151565074135091,0.9168039538714992,0.05,0.98,0.11248111724853516,False
pi1,"LogisticRegression(C=0.01, max_iter=100000)",0.87,0.03,2.29,pi3,0.02,0.8540540540540541,0.8594594594594595,0.31,0.02,0.5993661880493164,True
pi3,LogisticRegression(max_iter=100000),0.86,0.03,2.25,pi1,0.0,0.8578680203045685,0.8730964467005076,0.31,0.11,0.5993661880493164,True
pi3,LogisticRegression(max_iter=100000),0.86,0.03,2.25,pi2,0.0,0.859375,0.8619791666666666,0.54,0.94,0.5993661880493164,True
pi2,LogisticRegression(max_iter=100000),0.86,0.04,2.47,pi3,0.0,0.8594594594594595,0.8594594594594595,0.54,1.0,0.5993661880493164,True
pi4,LogisticRegression(max_iter=100000),0.71,0.05,2.51,pi5,0.01,0.7172264355362947,0.7161430119176598,0.26,0.1,0.5993661880493164,True
pi5,LogisticRegression(max_iter=100000),0.72,0.05,2.43,pi4,0.01,0.703239289446186,0.7063740856844305,0.26,0.01,0.5993661880493164,True
