model_node,model,model_r2,train_time,optimisation_time,test_node,discrepancy,model_r2-d,test_r2,mmd_score,ocsvm_score,asmmd,balanced
pi1,"LogisticRegression(C=1, max_iter=100000, solver='liblinear')",0.91,0.02,3.14,pi2,0.01,0.92833607907743,0.9275123558484349,0.07,0.01,0.12380536397298177,False
pi1,"LogisticRegression(C=1, max_iter=100000, solver='liblinear')",0.91,0.02,3.14,pi3,0.01,0.9250411861614497,0.9200988467874794,0.06,0.01,0.12380536397298177,False
pi2,LogisticRegression(max_iter=100000),0.93,0.03,3.73,pi1,0.01,0.91440329218107,0.91440329218107,0.07,0.05,0.12380536397298177,False
pi3,LogisticRegression(max_iter=100000),0.92,0.08,3.01,pi1,0.01,0.91440329218107,0.91440329218107,0.06,0.06,0.12380536397298177,False
pi1,LogisticRegression(max_iter=100000),0.87,0.03,1.9,pi2,0.02,0.8452012383900929,0.848297213622291,0.2,0.01,0.48536841074625653,True
pi2,LogisticRegression(max_iter=100000),0.85,0.04,1.16,pi1,0.02,0.8713910761154856,0.868766404199475,0.2,0.09,0.48536841074625653,True
pi4,LogisticRegression(max_iter=100000),0.71,0.03,2.0,pi5,0.02,0.6924754634678298,0.6913849509269356,0.33,0.08,0.48536841074625653,True
pi5,LogisticRegression(max_iter=100000),0.69,0.04,1.85,pi4,0.01,0.7048503611971104,0.7120743034055728,0.33,0.01,0.48536841074625653,True
