model_node,model,model_r2,train_time,optimisation_time,test_node,discrepancy,model_r2-d,test_r2,mmd_score,ocsvm_score,asmmd,balanced
pi4,LogisticRegression(max_iter=100000),0.72,0.03,2.0,pi5,0.01,0.7246496290189612,0.731244847485573,0.2,0.03,0.2075042724609375,False
pi5,LogisticRegression(max_iter=100000),0.73,0.04,2.04,pi4,0.02,0.7070957095709571,0.7153465346534653,0.2,0.0,0.2075042724609375,False
pi1,LogisticRegression(max_iter=100000),0.85,0.02,1.85,pi3,0.01,0.845945945945946,0.845945945945946,0.59,0.01,0.8375263214111328,True
pi3,LogisticRegression(max_iter=100000),0.85,0.02,1.79,pi1,0.0,0.8482758620689655,0.8528735632183908,0.59,0.07,0.8375263214111328,True
pi3,LogisticRegression(max_iter=100000),0.85,0.02,1.79,pi2,0.0,0.8501628664495114,0.8534201954397395,0.67,0.96,0.8375263214111328,True
pi2,LogisticRegression(max_iter=100000),0.85,0.04,1.3,pi3,0.01,0.845945945945946,0.845945945945946,0.67,0.98,0.8375263214111328,True
pi4,"LogisticRegression(C=0.01, max_iter=100000)",0.7,0.04,1.93,pi5,0.0,0.7075575027382256,0.7130339539978094,0.3,0.06,0.8375263214111328,True
pi5,LogisticRegression(max_iter=100000),0.71,0.03,1.91,pi4,0.01,0.7050739957716702,0.7040169133192389,0.3,0.01,0.8375263214111328,True
