model_node,model,model_r2,train_time,optimisation_time,test_node,discrepancy,model_r2-d,test_r2,mmd_score,ocsvm_score,asmmd,balanced
pi2,LogisticRegression(max_iter=100000),0.92,0.06,3.27,pi3,0.0,0.9216171617161716,0.9207920792079208,0.04,0.98,0.10085439682006836,False
pi3,"LogisticRegression(C=0.01, max_iter=100000, solver='saga')",0.92,0.08,3.16,pi2,0.0,0.9193415637860082,0.9209876543209876,0.04,0.97,0.10085439682006836,False
pi1,LogisticRegression(max_iter=100000),0.88,0.04,1.78,pi2,0.02,0.8509485094850948,0.8617886178861789,0.34,0.01,0.49950377146402997,True
pi2,LogisticRegression(max_iter=100000),0.86,0.03,2.69,pi1,0.01,0.8732394366197183,0.8755868544600939,0.34,0.14,0.49950377146402997,True
pi2,LogisticRegression(max_iter=100000),0.86,0.03,2.69,pi3,0.03,0.8891752577319587,0.8969072164948454,0.26,0.99,0.49950377146402997,True
pi3,LogisticRegression(max_iter=100000),0.9,0.02,2.03,pi2,0.04,0.8563685636856369,0.8617886178861789,0.26,0.96,0.49950377146402997,True
pi4,LogisticRegression(max_iter=100000),0.72,0.04,2.01,pi5,0.0,0.720348204570185,0.7236126224156693,0.29,0.06,0.49950377146402997,True
pi5,LogisticRegression(max_iter=100000),0.72,0.04,1.91,pi4,0.0,0.7238493723849372,0.7186192468619247,0.29,0.01,0.49950377146402997,True
