model_node,model,model_r2,train_time,optimisation_time,test_node,discrepancy,model_r2-d,test_r2,mmd_score,ocsvm_score,asmmd,balanced
pi1,"LogisticRegression(C=1, max_iter=100000, solver='liblinear')",0.93,0.02,6.48,pi3,0.02,0.9075907590759076,0.9100660066006601,0.05,0.0,0.13275909423828125,False
pi3,LogisticRegression(max_iter=100000),0.91,0.07,3.02,pi1,0.01,0.9202302631578947,0.9276315789473685,0.05,0.06,0.13275909423828125,False
pi1,LogisticRegression(max_iter=100000),0.87,0.06,1.53,pi3,0.04,0.8308080808080808,0.8358585858585859,0.2,0.02,0.44259103139241535,True
pi3,LogisticRegression(max_iter=100000),0.84,0.02,1.85,pi1,0.03,0.8673469387755102,0.8673469387755102,0.2,0.13,0.44259103139241535,True
pi4,LogisticRegression(max_iter=100000),0.73,0.04,2.09,pi5,0.0,0.722635494155154,0.722635494155154,0.33,0.09,0.44259103139241535,True
pi5,LogisticRegression(max_iter=100000),0.72,0.04,1.97,pi4,0.01,0.733195449844881,0.7269906928645294,0.33,0.01,0.44259103139241535,True
