model_node,model,model_r2,train_time,optimisation_time,test_node,discrepancy,model_r2-d,test_r2,mmd_score,ocsvm_score,asmmd,balanced
pi1,"LogisticRegression(C=0.01, class_weight='balanced', max_iter=100000,
                   solver='saga')",0.84,0.04,3.97,pi3,0.03,0.8135313531353136,0.8193069306930693,0.07,0.0,0.12168073654174805,False
pi3,"LogisticRegression(class_weight='balanced', max_iter=100000)",0.82,0.04,2.4,pi1,0.02,0.843363561417972,0.8392415498763397,0.07,0.04,0.12168073654174805,False
pi3,"LogisticRegression(class_weight='balanced', max_iter=100000)",0.82,0.04,2.4,pi2,0.0,0.8193069306930693,0.8110561056105611,0.06,0.97,0.12168073654174805,False
pi2,"LogisticRegression(C=0.01, class_weight='balanced', max_iter=100000,
                   solver='liblinear')",0.81,0.02,2.63,pi3,0.0,0.8102310231023102,0.8193069306930693,0.06,0.97,0.12168073654174805,False
pi2,LogisticRegression(max_iter=100000),0.84,0.03,2.03,pi3,0.0,0.8442211055276382,0.8291457286432161,0.32,0.96,1.568572998046875,True
pi3,LogisticRegression(max_iter=100000),0.83,0.03,1.67,pi2,0.02,0.8472222222222222,0.8416666666666667,0.32,0.96,1.568572998046875,True
pi4,LogisticRegression(max_iter=100000),0.7,0.04,2.03,pi5,0.01,0.6932447397563677,0.6932447397563677,0.34,0.07,1.568572998046875,True
pi5,LogisticRegression(max_iter=100000),0.69,0.02,1.85,pi4,0.01,0.69916142557652,0.7044025157232704,0.34,0.01,1.568572998046875,True
