model_node,model,model_r2,train_time,optimisation_time,test_node,discrepancy,model_r2-d,test_r2,mmd_score,ocsvm_score,asmmd,balanced
pi1,LogisticRegression(max_iter=100000),0.92,0.07,6.46,pi3,0.01,0.9120788824979458,0.913722267871816,0.03,0.0,0.11088371276855469,False
pi3,LogisticRegression(max_iter=100000),0.91,0.07,3.51,pi1,0.0,0.9185185185185185,0.922633744855967,0.03,0.04,0.11088371276855469,False
pi1,LogisticRegression(max_iter=100000),0.86,0.02,1.95,pi2,0.02,0.8405797101449275,0.8434782608695652,0.52,0.02,0.5985511144002279,True
pi1,LogisticRegression(max_iter=100000),0.86,0.02,1.95,pi3,0.02,0.8449197860962567,0.8449197860962567,0.32,0.01,0.5985511144002279,True
pi2,LogisticRegression(max_iter=100000),0.84,0.03,2.42,pi1,0.02,0.864,0.8613333333333333,0.52,0.13,0.5985511144002279,True
pi3,LogisticRegression(max_iter=100000),0.84,0.06,1.86,pi1,0.03,0.8773333333333333,0.8613333333333333,0.32,0.08,0.5985511144002279,True
pi4,LogisticRegression(max_iter=100000),0.7,0.03,2.12,pi5,0.02,0.7231270358306189,0.7263843648208469,0.24,0.1,0.5985511144002279,True
pi5,LogisticRegression(max_iter=100000),0.73,0.04,2.15,pi4,0.03,0.6947916666666667,0.6989583333333333,0.24,0.01,0.5985511144002279,True
