model_node,model,train_time,optimisation_time,model_r2,test_node,discrepancy,model_r2-d,test_r2,mmd_score,ocsvm_score,asmmd,balanced
pi2,LogisticRegression(max_iter=100000),0.02,0.66,0.96,pi4,0.01,0.9525407478427612,0.951581975071908,11.03,0.98,11.5015869140625,True
pi4,LogisticRegression(max_iter=100000),0.01,0.69,0.95,pi2,0.01,0.9616490891658677,0.9645254074784276,11.03,0.99,11.5015869140625,True
pi2,LogisticRegression(max_iter=100000),0.02,0.62,0.97,pi4,0.01,0.9643047416089504,0.9643047416089504,16.5,0.97,16.5712890625,False
pi4,LogisticRegression(max_iter=100000),0.01,0.68,0.96,pi2,0.01,0.9738805970149254,0.9738805970149254,16.5,0.99,16.5712890625,False
