model_node,model,model_r2,train_time,optimisation_time,test_node,discrepancy,model_r2-d,test_r2,mmd_score,ocsvm_score,asmmd,balanced
pi1,"LogisticRegression(C=0.01, class_weight='balanced', max_iter=100000,
                   solver='saga')",0.84,0.03,2.66,pi3,0.01,0.8337448559670781,0.8378600823045268,0.02,0.0,0.11525678634643555,False
pi3,"LogisticRegression(class_weight='balanced', max_iter=100000)",0.84,0.04,2.37,pi1,0.0,0.8401976935749588,0.8401976935749588,0.02,0.05,0.11525678634643555,False
pi1,LogisticRegression(max_iter=100000),0.86,0.03,1.96,pi3,0.01,0.8475452196382429,0.8552971576227391,0.18,0.01,1.586437702178955,True
pi3,LogisticRegression(max_iter=100000),0.86,0.02,1.74,pi1,0.01,0.8461538461538461,0.8567639257294429,0.18,0.1,1.586437702178955,True
pi4,LogisticRegression(max_iter=100000),0.71,0.03,1.93,pi5,0.02,0.7275675675675676,0.7286486486486486,0.27,0.07,1.586437702178955,True
pi5,LogisticRegression(max_iter=100000),0.73,0.05,2.33,pi4,0.02,0.7135416666666666,0.7083333333333334,0.27,0.02,1.586437702178955,True
