model_node,model,model_r2,train_time,optimisation_time,test_node,discrepancy,model_r2-d,test_r2,mmd_score,ocsvm_score,asmmd,balanced
pi1,"LogisticRegression(C=0.1, max_iter=100000, solver='liblinear')",0.91,0.02,3.49,pi3,0.01,0.9010717230008244,0.9035449299258038,0.1,0.0,0.17418289184570312,False
pi3,LogisticRegression(max_iter=100000),0.9,0.06,10.52,pi1,0.01,0.9126133553173948,0.910964550700742,0.1,0.03,0.17418289184570312,False
pi3,LogisticRegression(max_iter=100000),0.9,0.06,10.52,pi2,0.01,0.910964550700742,0.9150865622423743,0.04,0.98,0.17418289184570312,False
pi2,LogisticRegression(max_iter=100000),0.92,0.09,3.62,pi3,0.01,0.9010717230008244,0.9035449299258038,0.04,0.99,0.17418289184570312,False
pi2,LogisticRegression(max_iter=100000),0.85,0.05,2.07,pi3,0.02,0.864321608040201,0.864321608040201,0.08,0.99,0.3915729522705078,True
pi3,LogisticRegression(max_iter=100000),0.86,0.05,2.32,pi2,0.02,0.8457300275482094,0.8484848484848485,0.08,0.96,0.3915729522705078,True
pi4,LogisticRegression(max_iter=100000),0.7,0.05,2.38,pi5,0.02,0.7226435536294691,0.723726977248104,0.37,0.06,0.3915729522705078,True
pi5,LogisticRegression(max_iter=100000),0.72,0.06,2.43,pi4,0.02,0.7033542976939203,0.7023060796645703,0.37,0.01,0.3915729522705078,True
