model_node,model,model_r2,train_time,optimisation_time,test_node,discrepancy,model_r2-d,test_r2,mmd_score,ocsvm_score,asmmd,balanced
pi2,LogisticRegression(max_iter=100000),0.91,0.07,3.0,pi3,0.01,0.9216171617161716,0.9224422442244224,0.03,0.99,0.11489168802897136,False
pi3,LogisticRegression(max_iter=100000),0.92,0.07,3.18,pi2,0.01,0.9085667215815486,0.9110378912685337,0.03,0.98,0.11489168802897136,False
pi1,"LogisticRegression(C=0.01, max_iter=100000, solver='liblinear')",0.86,0.01,1.59,pi3,0.01,0.8653295128939829,0.8882521489971347,0.2,0.01,0.38942718505859375,True
pi3,"LogisticRegression(C=0.1, max_iter=100000, solver='liblinear')",0.89,0.01,1.76,pi1,0.01,0.8771498771498771,0.8574938574938575,0.2,0.14,0.38942718505859375,True
pi4,LogisticRegression(max_iter=100000),0.7,0.03,1.85,pi5,0.02,0.7117711771177118,0.7260726072607261,0.4,0.09,0.38942718505859375,True
pi5,LogisticRegression(max_iter=100000),0.73,0.04,1.92,pi4,0.01,0.7122994652406417,0.6951871657754011,0.4,0.02,0.38942718505859375,True
