model_node,model,model_r2,train_time,optimisation_time,test_node,discrepancy,model_r2-d,test_r2,mmd_score,ocsvm_score,asmmd,balanced
pi1,LogisticRegression(max_iter=100000),0.92,0.07,7.78,pi3,0.0,0.9208573784006595,0.9258037922506183,0.08,0.0,0.10832595825195312,False
pi3,LogisticRegression(max_iter=100000),0.93,0.05,3.48,pi1,0.01,0.9126853377265239,0.9159802306425041,0.08,0.05,0.10832595825195312,False
pi3,LogisticRegression(max_iter=100000),0.93,0.05,3.48,pi2,0.0,0.9209225700164745,0.9192751235584844,0.04,0.98,0.10832595825195312,False
pi2,"LogisticRegression(C=1, max_iter=100000, solver='liblinear')",0.92,0.02,3.4,pi3,0.0,0.921681780708986,0.9258037922506183,0.04,0.99,0.10832595825195312,False
pi1,LogisticRegression(max_iter=100000),0.89,0.06,1.65,pi3,0.04,0.8493506493506493,0.8519480519480519,0.15,0.01,0.3473854064941406,True
pi3,LogisticRegression(max_iter=100000),0.85,0.02,1.78,pi1,0.02,0.8737864077669902,0.8883495145631068,0.15,0.11,0.3473854064941406,True
pi4,LogisticRegression(max_iter=100000),0.71,0.04,1.97,pi5,0.0,0.7105831533477321,0.7116630669546437,0.25,0.1,0.3473854064941406,True
pi5,LogisticRegression(max_iter=100000),0.71,0.04,1.85,pi4,0.01,0.7037411526794742,0.7087967644084934,0.25,0.01,0.3473854064941406,True
