model_node,model,model_r2,train_time,optimisation_time,test_node,discrepancy,model_r2-d,test_r2,mmd_score,ocsvm_score,asmmd,balanced
pi1,"LogisticRegression(class_weight='balanced', max_iter=100000)",0.84,0.05,2.38,pi3,0.01,0.8283828382838284,0.8259075907590759,0.02,0.01,0.10737037658691406,False
pi3,"LogisticRegression(class_weight='balanced', max_iter=100000)",0.83,0.04,2.38,pi1,0.01,0.8352553542009885,0.8369028006589786,0.02,0.06,0.10737037658691406,False
pi1,"LogisticRegression(C=0.01, max_iter=100000, solver='liblinear')",0.86,0.01,1.98,pi2,0.0,0.8567335243553008,0.8481375358166189,0.43,0.01,0.8024740219116211,True
pi1,"LogisticRegression(C=0.01, max_iter=100000, solver='liblinear')",0.86,0.01,1.98,pi3,0.02,0.87468671679198,0.8771929824561403,0.38,0.02,0.8024740219116211,True
pi2,LogisticRegression(max_iter=100000),0.85,0.03,2.13,pi1,0.0,0.8511166253101737,0.8560794044665012,0.43,0.12,0.8024740219116211,True
pi3,LogisticRegression(max_iter=100000),0.88,0.04,2.29,pi1,0.02,0.8560794044665012,0.8560794044665012,0.38,0.09,0.8024740219116211,True
pi4,LogisticRegression(max_iter=100000),0.72,0.03,2.17,pi5,0.02,0.7038674033149172,0.7071823204419889,0.25,0.11,0.8024740219116211,True
pi5,LogisticRegression(max_iter=100000),0.71,0.04,2.05,pi4,0.02,0.7241735537190083,0.7200413223140496,0.25,0.02,0.8024740219116211,True
