model_node,model,model_r2,train_time,optimisation_time,test_node,discrepancy,model_r2-d,test_r2,mmd_score,ocsvm_score,asmmd,balanced
pi1,LogisticRegression(max_iter=100000),0.92,0.09,3.8,pi3,0.0,0.9151565074135091,0.914332784184514,0.06,0.0,0.17931365966796875,False
pi3,LogisticRegression(max_iter=100000),0.91,0.1,10.98,pi1,0.0,0.9141914191419142,0.9166666666666666,0.06,0.06,0.17931365966796875,False
pi3,LogisticRegression(max_iter=100000),0.91,0.1,10.98,pi2,0.01,0.9200988467874794,0.9200988467874794,0.17,0.99,0.17931365966796875,False
pi2,"LogisticRegression(C=0.01, max_iter=100000)",0.92,0.09,3.8,pi3,0.0,0.9159802306425041,0.914332784184514,0.17,0.99,0.17931365966796875,False
pi4,LogisticRegression(max_iter=100000),0.7,0.05,2.33,pi5,0.01,0.7100656455142232,0.712253829321663,0.26,0.1,0.7788147926330566,True
pi5,LogisticRegression(max_iter=100000),0.71,0.05,2.51,pi4,0.01,0.6977459016393442,0.7038934426229508,0.26,0.01,0.7788147926330566,True
