model_node,model,train_time,optimisation_time,model_r2,test_node,discrepancy,model_r2-d,test_r2,mmd_score,ocsvm_score,asmmd,balanced
pi2,LogisticRegression(max_iter=100000),0.01,0.65,0.95,pi3,0.0,0.9467625899280575,0.9458033573141487,8.72,0.98,12.883355034722221,True
pi3,LogisticRegression(max_iter=100000),0.01,0.6,0.95,pi2,0.0,0.9476716274603937,0.9505520883341335,8.72,0.99,12.883355034722221,True
pi2,LogisticRegression(max_iter=100000),0.02,0.56,0.97,pi4,0.0,0.9669685668620138,0.9669685668620138,22.99,0.96,22.61358173076923,False
pi4,LogisticRegression(max_iter=100000),0.01,0.59,0.97,pi2,0.0,0.9680340969632392,0.9680340969632392,22.99,0.98,22.61358173076923,False
