model_node,model,model_r2,train_time,optimisation_time,test_node,discrepancy,model_r2-d,test_r2,mmd_score,ocsvm_score,asmmd,balanced
pi1,"LogisticRegression(class_weight='balanced', max_iter=100000)",0.85,0.07,2.46,pi3,0.01,0.8401976935749588,0.814662273476112,0.07,0.0,0.1120138168334961,False
pi3,"LogisticRegression(class_weight='balanced', max_iter=100000)",0.81,0.07,2.77,pi1,0.01,0.828665568369028,0.8525535420098846,0.07,0.04,0.1120138168334961,False
pi1,LogisticRegression(max_iter=100000),0.9,0.05,1.77,pi3,0.05,0.8488063660477454,0.8541114058355438,0.13,0.01,0.38442420959472656,True
pi3,"LogisticRegression(C=0.01, max_iter=100000, solver='saga')",0.85,0.04,2.05,pi1,0.04,0.8955223880597015,0.9029850746268657,0.13,0.1,0.38442420959472656,True
pi4,LogisticRegression(max_iter=100000),0.73,0.03,1.93,pi5,0.01,0.734321550741163,0.7411630558722919,0.31,0.08,0.38442420959472656,True
pi5,"LogisticRegression(C=0.01, max_iter=100000)",0.74,0.04,2.07,pi4,0.01,0.7307286166842661,0.7265047518479408,0.31,0.0,0.38442420959472656,True
