model_node,model,model_r2,train_time,optimisation_time,test_node,discrepancy,model_r2-d,test_r2,mmd_score,ocsvm_score,asmmd,balanced
pi1,"LogisticRegression(class_weight='balanced', max_iter=100000)",0.86,0.08,2.85,pi3,0.02,0.8493827160493828,0.8345679012345679,0.03,0.0,0.15076192220052084,False
pi3,"LogisticRegression(class_weight='balanced', max_iter=100000)",0.83,0.04,2.52,pi1,0.02,0.8506600660066007,0.8646864686468647,0.03,0.05,0.15076192220052084,False
pi1,"LogisticRegression(C=0.1, max_iter=100000, solver='liblinear')",0.89,0.01,2.18,pi2,0.05,0.8380681818181818,0.8409090909090909,0.49,0.01,0.8696322441101074,True
pi1,"LogisticRegression(C=0.1, max_iter=100000, solver='liblinear')",0.89,0.01,2.18,pi3,0.03,0.8606965174129353,0.8631840796019901,0.52,0.02,0.8696322441101074,True
pi2,"LogisticRegression(C=0.01, max_iter=100000, solver='liblinear')",0.84,0.01,1.88,pi1,0.05,0.8927680798004988,0.8927680798004988,0.49,0.13,0.8696322441101074,True
pi3,LogisticRegression(max_iter=100000),0.86,0.04,1.85,pi1,0.03,0.8902743142144638,0.8927680798004988,0.52,0.1,0.8696322441101074,True
pi4,LogisticRegression(max_iter=100000),0.72,0.04,2.23,pi5,0.03,0.6859688195991092,0.6959910913140311,0.27,0.06,0.8696322441101074,True
pi5,LogisticRegression(max_iter=100000),0.7,0.04,1.93,pi4,0.02,0.713265306122449,0.7183673469387755,0.27,0.0,0.8696322441101074,True
