model_node,model,model_r2,train_time,optimisation_time,test_node,discrepancy,model_r2-d,test_r2,mmd_score,ocsvm_score,asmmd,balanced
pi1,LogisticRegression(max_iter=100000),0.91,0.06,4.16,pi2,0.0,0.9076669414674361,0.9175597691673537,0.12,0.0,0.12825489044189453,False
pi1,LogisticRegression(max_iter=100000),0.91,0.06,4.16,pi3,0.0,0.9037828947368421,0.9087171052631579,0.02,0.0,0.12825489044189453,False
pi2,LogisticRegression(max_iter=100000),0.92,0.06,4.95,pi1,0.01,0.9052718286655683,0.9077429983525536,0.12,0.05,0.12825489044189453,False
pi3,LogisticRegression(max_iter=100000),0.91,0.03,3.21,pi1,0.0,0.9085667215815486,0.9077429983525536,0.02,0.04,0.12825489044189453,False
pi1,LogisticRegression(max_iter=100000),0.85,0.04,1.55,pi3,0.02,0.8660287081339713,0.8708133971291866,0.11,0.0,0.4739866256713867,True
pi3,LogisticRegression(max_iter=100000),0.87,0.03,1.96,pi1,0.04,0.8349753694581281,0.8472906403940886,0.11,0.06,0.4739866256713867,True
pi4,LogisticRegression(max_iter=100000),0.71,0.03,2.01,pi5,0.01,0.7156652360515021,0.7156652360515021,0.25,0.07,0.4739866256713867,True
pi5,LogisticRegression(max_iter=100000),0.72,0.03,2.02,pi4,0.01,0.7072916666666667,0.7083333333333334,0.25,0.0,0.4739866256713867,True
