model_node,model,train_time,optimisation_time,model_r2,test_node,discrepancy,model_r2-d,test_r2,mmd_score,ocsvm_score,asmmd,balanced
pi2,LogisticRegression(max_iter=100000),0.01,0.61,0.95,pi3,0.01,0.9457773512476008,0.9467370441458733,13.17,0.97,15.401692708333334,True
pi3,LogisticRegression(max_iter=100000),0.01,0.65,0.95,pi2,0.01,0.9548511047070125,0.9543707973102786,13.17,0.98,15.401692708333334,True
pi3,LogisticRegression(max_iter=100000),0.01,0.65,0.95,pi4,0.01,0.957753240518483,0.957273163706193,14.11,0.97,15.401692708333334,True
pi4,LogisticRegression(max_iter=100000),0.01,0.57,0.96,pi3,0.01,0.9438579654510557,0.9467370441458733,14.11,0.98,15.401692708333334,True
pi3,LogisticRegression(max_iter=100000),0.01,0.6,0.96,pi4,0.01,0.9706666666666667,0.9706666666666667,17.02,0.97,18.5837890625,False
pi4,LogisticRegression(max_iter=100000),0.02,0.56,0.97,pi3,0.01,0.9588235294117647,0.9593582887700535,17.02,0.98,18.5837890625,False
