model_node,model,model_r2,train_time,optimisation_time,test_node,discrepancy,model_r2-d,test_r2,mmd_score,ocsvm_score,asmmd,balanced
pi1,"LogisticRegression(C=0.01, class_weight='balanced', max_iter=100000,
                   solver='liblinear')",0.83,0.02,2.41,pi3,0.01,0.8175061932287366,0.7993393889347646,0.04,0.01,0.12000783284505208,False
pi3,"LogisticRegression(C=0.01, class_weight='balanced', max_iter=100000,
                   solver='liblinear')",0.8,0.02,2.83,pi1,0.01,0.8120362737015664,0.8260511129431163,0.04,0.04,0.12000783284505208,False
pi1,LogisticRegression(max_iter=100000),0.84,0.04,1.62,pi2,0.01,0.8265582655826558,0.8319783197831978,1.36,0.01,1.4091997146606445,True
pi1,LogisticRegression(max_iter=100000),0.84,0.04,1.62,pi3,0.02,0.8536585365853658,0.8672086720867209,0.41,0.01,1.4091997146606445,True
pi2,"LogisticRegression(C=0.1, max_iter=100000, solver='liblinear')",0.83,0.01,1.85,pi1,0.0,0.8329238329238329,0.8353808353808354,1.36,0.09,1.4091997146606445,True
pi3,LogisticRegression(max_iter=100000),0.87,0.07,1.79,pi1,0.04,0.8255528255528255,0.8353808353808354,0.41,0.06,1.4091997146606445,True
pi4,LogisticRegression(max_iter=100000),0.74,0.04,1.99,pi5,0.03,0.7141304347826087,0.7195652173913043,0.27,0.05,1.4091997146606445,True
pi5,LogisticRegression(max_iter=100000),0.72,0.04,1.91,pi4,0.02,0.7372262773722628,0.7393117831074035,0.27,0.0,1.4091997146606445,True
