model_node,model,model_r2,train_time,optimisation_time,test_node,discrepancy,model_r2-d,test_r2,mmd_score,ocsvm_score,asmmd,balanced
pi1,LogisticRegression(max_iter=100000),0.92,0.04,3.56,pi3,0.0,0.9183841714756801,0.9183841714756801,0.05,0.0,0.18227386474609375,False
pi3,LogisticRegression(max_iter=100000),0.92,0.09,3.3,pi1,0.0,0.9192085737840066,0.9159109645507008,0.05,0.03,0.18227386474609375,False
pi1,"LogisticRegression(C=0.1, max_iter=100000, solver='liblinear')",0.87,0.01,1.89,pi3,0.02,0.8489583333333334,0.8619791666666666,0.23,0.01,0.4197402000427246,True
pi3,"LogisticRegression(C=0.01, max_iter=100000)",0.86,0.03,2.22,pi1,0.0,0.863517060367454,0.8661417322834646,0.23,0.07,0.4197402000427246,True
pi4,LogisticRegression(max_iter=100000),0.71,0.05,2.16,pi5,0.0,0.709211986681465,0.7069922308546059,0.28,0.09,0.4197402000427246,True
pi5,"LogisticRegression(C=0.01, max_iter=100000)",0.71,0.06,1.93,pi4,0.01,0.7019328585961343,0.7090539165818922,0.28,0.0,0.4197402000427246,True
