model_node,model,model_r2,train_time,optimisation_time,test_node,discrepancy,model_r2-d,test_r2,mmd_score,ocsvm_score,asmmd,balanced
pi1,LogisticRegression(max_iter=100000),0.91,0.08,3.0,pi2,0.01,0.9242174629324547,0.9266886326194399,0.06,0.01,0.18401304880777994,False
pi1,LogisticRegression(max_iter=100000),0.91,0.08,3.0,pi3,0.0,0.9166666666666666,0.9141914191419142,0.17,0.0,0.18401304880777994,False
pi2,LogisticRegression(max_iter=100000),0.93,0.08,3.28,pi1,0.02,0.9077429983525536,0.9118616144975288,0.06,0.08,0.18401304880777994,False
pi3,LogisticRegression(max_iter=100000),0.91,0.07,3.13,pi1,0.0,0.9093904448105437,0.9118616144975288,0.17,0.04,0.18401304880777994,False
pi1,LogisticRegression(max_iter=100000),0.86,0.05,1.63,pi2,0.01,0.8541033434650456,0.8480243161094225,0.17,0.02,0.44255781173706055,True
pi2,LogisticRegression(max_iter=100000),0.85,0.03,1.57,pi1,0.01,0.854320987654321,0.8641975308641975,0.17,0.14,0.44255781173706055,True
pi4,LogisticRegression(max_iter=100000),0.71,0.03,2.0,pi5,0.01,0.716304347826087,0.7282608695652174,0.29,0.07,0.44255781173706055,True
pi5,LogisticRegression(max_iter=100000),0.73,0.03,1.94,pi4,0.02,0.7099792099792099,0.7089397089397089,0.29,0.01,0.44255781173706055,True
