model_node,model,model_r2,train_time,optimisation_time,test_node,discrepancy,model_r2-d,test_r2,mmd_score,ocsvm_score,asmmd,balanced
pi1,"LogisticRegression(class_weight='balanced', max_iter=100000)",0.85,0.05,2.67,pi3,0.02,0.8270181219110379,0.8360790774299836,0.1,0.0,0.20570945739746094,False
pi3,"LogisticRegression(class_weight='balanced', max_iter=100000)",0.84,0.05,2.71,pi1,0.01,0.8500823723228995,0.8451400329489291,0.1,0.04,0.20570945739746094,False
pi1,"LogisticRegression(C=0.1, max_iter=100000, solver='liblinear')",0.85,0.01,1.82,pi3,0.02,0.8688118811881188,0.8688118811881188,0.23,0.01,1.0841445922851562,True
pi3,LogisticRegression(max_iter=100000),0.87,0.05,1.93,pi1,0.02,0.844059405940594,0.8514851485148515,0.23,0.09,1.0841445922851562,True
pi4,LogisticRegression(max_iter=100000),0.72,0.04,2.2,pi5,0.0,0.7183718371837183,0.7161716171617162,0.3,0.1,1.0841445922851562,True
pi5,LogisticRegression(max_iter=100000),0.72,0.03,1.99,pi4,0.0,0.7200402819738168,0.7150050352467271,0.3,0.01,1.0841445922851562,True
