model_node,model,train_time,optimisation_time,model_r2,test_node,discrepancy,model_r2-d,test_r2,mmd_score,ocsvm_score,asmmd,balanced
pi2,LogisticRegression(max_iter=100000),0.01,0.58,0.96,pi4,0.0,0.951969260326609,0.952449567723343,21.4,0.99,22.511610243055557,True
pi4,LogisticRegression(max_iter=100000),0.01,0.57,0.95,pi2,0.0,0.9558117195004803,0.9562920268972143,21.4,0.98,22.511610243055557,True
pi4,LogisticRegression(max_iter=100000),0.01,0.57,0.95,pi5,0.01,0.9427609427609428,0.9413179413179413,19.52,0.98,22.511610243055557,True
pi3,"LogisticRegression(C=0.01, max_iter=100000)",0.01,0.62,0.95,pi5,0.01,0.9422799422799423,0.9413179413179413,11.55,0.98,22.511610243055557,True
pi5,LogisticRegression(max_iter=100000),0.01,0.61,0.94,pi3,0.0,0.945376137997125,0.9472927647340681,11.55,0.98,22.511610243055557,True
pi5,LogisticRegression(max_iter=100000),0.01,0.61,0.94,pi4,0.01,0.9510086455331412,0.952449567723343,19.52,0.98,22.511610243055557,True
pi2,LogisticRegression(max_iter=100000),0.01,0.55,0.97,pi4,0.0,0.9625868519508284,0.963121325494388,18.97,0.99,24.8927734375,False
pi4,LogisticRegression(max_iter=100000),0.01,0.55,0.96,pi2,0.0,0.9669156883671292,0.9669156883671292,18.97,0.98,24.8927734375,False
