model_node,model,model_r2,train_time,optimisation_time,test_node,discrepancy,model_r2-d,test_r2,mmd_score,ocsvm_score,asmmd,balanced
pi1,"LogisticRegression(class_weight='balanced', max_iter=100000)",0.85,0.07,3.0,pi3,0.02,0.8351195383347073,0.8425391591096455,0.05,0.01,0.10724401473999023,False
pi3,"LogisticRegression(class_weight='balanced', max_iter=100000)",0.84,0.09,3.22,pi1,0.02,0.8655115511551155,0.8531353135313532,0.05,0.04,0.10724401473999023,False
pi1,"LogisticRegression(C=0.01, max_iter=100000, solver='liblinear')",0.87,0.01,3.39,pi3,0.02,0.8513189448441247,0.8489208633093526,0.12,0.02,1.5490508079528809,True
pi3,LogisticRegression(max_iter=100000),0.85,0.06,3.79,pi1,0.02,0.8666666666666667,0.8740740740740741,0.12,0.13,1.5490508079528809,True
pi4,LogisticRegression(max_iter=100000),0.73,0.08,4.51,pi5,0.0,0.7305194805194806,0.7261904761904762,0.24,0.1,1.5490508079528809,True
pi5,LogisticRegression(max_iter=100000),0.73,0.11,8.48,pi4,0.0,0.7308085977482088,0.7308085977482088,0.24,0.01,1.5490508079528809,True
