model_node,model,model_r2,train_time,optimisation_time,test_node,discrepancy,model_r2-d,test_r2,mmd_score,ocsvm_score,asmmd,balanced
pi1,"LogisticRegression(class_weight='balanced', max_iter=100000)",0.87,0.03,3.17,pi3,0.01,0.8547854785478548,0.8506600660066007,0.02,0.01,0.10182952880859375,False
pi3,"LogisticRegression(class_weight='balanced', max_iter=100000)",0.85,0.03,2.52,pi1,0.01,0.8567901234567902,0.8674897119341564,0.02,0.05,0.10182952880859375,False
pi1,LogisticRegression(max_iter=100000),0.89,0.04,2.06,pi2,0.03,0.8623853211009175,0.8562691131498471,2.6,0.02,2.500777006149292,True
pi1,LogisticRegression(max_iter=100000),0.89,0.04,2.06,pi3,0.02,0.8706467661691543,0.8557213930348259,0.27,0.02,2.500777006149292,True
pi2,LogisticRegression(max_iter=100000),0.86,0.04,1.44,pi1,0.02,0.8778625954198473,0.8880407124681934,2.6,0.14,2.500777006149292,True
pi3,LogisticRegression(max_iter=100000),0.86,0.05,1.92,pi1,0.02,0.8804071246819338,0.8880407124681934,0.27,0.07,2.500777006149292,True
pi4,LogisticRegression(max_iter=100000),0.71,0.04,2.58,pi5,0.0,0.708803611738149,0.708803611738149,0.33,0.05,2.500777006149292,True
pi5,LogisticRegression(max_iter=100000),0.71,0.04,2.1,pi4,0.01,0.7008456659619451,0.7124735729386892,0.33,0.0,2.500777006149292,True
