model_node,model,model_r2,train_time,optimisation_time,test_node,discrepancy,model_r2-d,test_r2,mmd_score,ocsvm_score,asmmd,balanced
pi1,LogisticRegression(max_iter=100000),0.93,0.05,4.09,pi3,0.01,0.9159109645507008,0.9159109645507008,0.03,0.01,0.10859870910644531,False
pi3,LogisticRegression(max_iter=100000),0.92,0.05,3.59,pi1,0.01,0.9209225700164745,0.9250411861614497,0.03,0.04,0.10859870910644531,False
pi1,LogisticRegression(max_iter=100000),0.88,0.03,2.51,pi2,0.03,0.8540372670807453,0.8633540372670807,0.73,0.01,0.73333740234375,True
pi2,"LogisticRegression(C=0.01, max_iter=100000, solver='liblinear')",0.86,0.01,1.62,pi1,0.02,0.8808933002481389,0.8808933002481389,0.73,0.13,0.73333740234375,True
pi4,"LogisticRegression(C=0.01, max_iter=100000)",0.72,0.08,2.48,pi5,0.0,0.7159450897571278,0.7222808870116156,0.25,0.1,0.73333740234375,True
pi5,LogisticRegression(max_iter=100000),0.72,0.09,2.58,pi4,0.01,0.7112244897959183,0.7183673469387755,0.25,0.01,0.73333740234375,True
