model_node,model,model_r2,train_time,optimisation_time,test_node,discrepancy,model_r2-d,test_r2,mmd_score,ocsvm_score,asmmd,balanced
pi1,LogisticRegression(max_iter=100000),0.92,0.07,7.57,pi2,0.01,0.9101401483924155,0.9134377576257213,0.08,0.01,0.10249551137288411,False
pi1,LogisticRegression(max_iter=100000),0.92,0.07,7.57,pi3,0.0,0.9167353668590272,0.9159109645507008,0.04,0.0,0.10249551137288411,False
pi2,"LogisticRegression(C=1, max_iter=100000, solver='liblinear')",0.91,0.03,3.58,pi1,0.01,0.9184514003294892,0.9176276771004942,0.08,0.08,0.10249551137288411,False
pi3,LogisticRegression(max_iter=100000),0.92,0.05,3.69,pi1,0.0,0.9168039538714992,0.9176276771004942,0.04,0.03,0.10249551137288411,False
pi1,LogisticRegression(max_iter=100000),0.85,0.06,2.03,pi2,0.0,0.8457446808510638,0.8404255319148937,0.31,0.02,0.44904136657714844,True
pi2,LogisticRegression(max_iter=100000),0.84,0.06,2.07,pi1,0.01,0.850632911392405,0.850632911392405,0.31,0.15,0.44904136657714844,True
pi4,LogisticRegression(max_iter=100000),0.71,0.04,2.4,pi5,0.01,0.715203426124197,0.7162740899357601,0.26,0.11,0.44904136657714844,True
pi5,LogisticRegression(max_iter=100000),0.72,0.04,2.4,pi4,0.01,0.709577754891864,0.7085478887744593,0.26,0.02,0.44904136657714844,True
