model_node,model,model_r2,train_time,optimisation_time,test_node,discrepancy,model_r2-d,test_r2,mmd_score,ocsvm_score,asmmd,balanced
pi1,LogisticRegression(max_iter=100000),0.91,0.06,8.99,pi3,0.02,0.9200988467874794,0.9200988467874794,0.17,0.01,0.16196473439534506,False
pi3,LogisticRegression(max_iter=100000),0.92,0.07,6.29,pi1,0.01,0.9083402146985962,0.9050371593724195,0.17,0.05,0.16196473439534506,False
pi3,LogisticRegression(max_iter=100000),0.92,0.07,6.29,pi2,0.0,0.9225061830173125,0.9258037922506183,0.1,0.97,0.16196473439534506,False
pi2,LogisticRegression(max_iter=100000),0.93,0.05,3.93,pi3,0.01,0.9192751235584844,0.9200988467874794,0.1,0.98,0.16196473439534506,False
pi1,LogisticRegression(max_iter=100000),0.88,0.05,1.86,pi3,0.02,0.864,0.864,0.26,0.02,0.9747870763142904,True
pi3,"LogisticRegression(C=0.01, max_iter=100000, solver='liblinear')",0.86,0.01,1.87,pi1,0.01,0.8758949880668258,0.8806682577565632,0.26,0.12,0.9747870763142904,True
pi4,LogisticRegression(max_iter=100000),0.7,0.04,2.21,pi5,0.02,0.7138461538461538,0.7271794871794872,0.47,0.05,0.9747870763142904,True
pi5,LogisticRegression(max_iter=100000),0.73,0.04,2.94,pi4,0.03,0.6955645161290323,0.6985887096774194,0.47,0.0,0.9747870763142904,True
