model_node,model,model_r2,train_time,optimisation_time,test_node,discrepancy,model_r2-d,test_r2,mmd_score,ocsvm_score,asmmd,balanced
pi1,"LogisticRegression(C=0.1, class_weight='balanced', max_iter=100000,
                   solver='liblinear')",0.83,0.02,2.35,pi2,0.01,0.8410214168039539,0.8484349258649094,0.11,0.01,0.10541629791259766,False
pi1,"LogisticRegression(C=0.1, class_weight='balanced', max_iter=100000,
                   solver='liblinear')",0.83,0.02,2.35,pi3,0.0,0.8314144736842105,0.8157894736842105,0.03,0.0,0.10541629791259766,False
pi2,"LogisticRegression(class_weight='balanced', max_iter=100000)",0.85,0.04,2.86,pi1,0.02,0.8316831683168316,0.834983498349835,0.11,0.07,0.10541629791259766,False
pi3,"LogisticRegression(C=0.01, class_weight='balanced', max_iter=100000,
                   solver='saga')",0.82,0.05,2.9,pi1,0.01,0.820957095709571,0.834983498349835,0.03,0.05,0.10541629791259766,False
pi1,LogisticRegression(max_iter=100000),0.85,0.05,1.77,pi2,0.04,0.8853503184713376,0.8949044585987261,0.17,0.02,0.6613712310791016,True
pi2,LogisticRegression(max_iter=100000),0.89,0.03,2.33,pi1,0.05,0.8473282442748091,0.8498727735368957,0.17,0.11,0.6613712310791016,True
pi4,LogisticRegression(max_iter=100000),0.72,0.04,2.26,pi5,0.02,0.7041156840934372,0.7130144605116796,0.28,0.06,0.6613712310791016,True
pi5,LogisticRegression(max_iter=100000),0.71,0.03,1.95,pi4,0.0,0.7147117296222664,0.7206759443339961,0.28,0.02,0.6613712310791016,True
