model_node,model,model_r2,train_time,optimisation_time,test_node,discrepancy,model_r2-d,test_r2,mmd_score,ocsvm_score,asmmd,balanced
pi1,"LogisticRegression(C=0.1, max_iter=100000, solver='liblinear')",0.92,0.02,3.54,pi3,0.01,0.9167353668590272,0.9192085737840066,0.17,0.0,0.18218040466308594,False
pi3,"LogisticRegression(C=1, max_iter=100000, solver='liblinear')",0.92,0.02,6.25,pi1,0.0,0.920164609053498,0.922633744855967,0.17,0.06,0.18218040466308594,False
pi3,"LogisticRegression(C=1, max_iter=100000, solver='liblinear')",0.92,0.02,6.25,pi2,0.01,0.9266886326194399,0.92833607907743,0.03,0.99,0.18218040466308594,False
pi2,LogisticRegression(max_iter=100000),0.93,0.04,3.76,pi3,0.01,0.9175597691673537,0.9192085737840066,0.03,0.98,0.18218040466308594,False
pi2,LogisticRegression(max_iter=100000),0.86,0.03,2.35,pi3,0.02,0.8386243386243386,0.8518518518518519,0.28,1.0,0.5153436660766602,True
pi3,LogisticRegression(max_iter=100000),0.85,0.04,2.02,pi2,0.02,0.8761329305135952,0.8610271903323263,0.28,0.95,0.5153436660766602,True
pi4,"LogisticRegression(C=0.01, max_iter=100000)",0.71,0.05,2.54,pi5,0.01,0.7134894091415831,0.7123745819397993,0.34,0.06,0.5153436660766602,True
pi5,LogisticRegression(max_iter=100000),0.71,0.04,2.15,pi4,0.01,0.7046632124352331,0.7067357512953368,0.34,0.0,0.5153436660766602,True
