model_node,model,train_time,optimisation_time,model_r2,test_node,discrepancy,model_r2-d,test_r2,mmd_score,ocsvm_score,asmmd,balanced
pi3,LogisticRegression(max_iter=100000),0.01,0.7,0.94,pi4,0.01,0.9487302347867753,0.9506468615237182,18.25,0.98,19.02303799715909,True
pi3,LogisticRegression(max_iter=100000),0.01,0.7,0.94,pi5,0.0,0.9356388088376562,0.9375600384245918,12.78,0.98,19.02303799715909,True
pi4,LogisticRegression(max_iter=100000),0.01,0.66,0.95,pi3,0.01,0.9380700912145943,0.9385501680268843,18.25,0.98,19.02303799715909,True
pi4,LogisticRegression(max_iter=100000),0.01,0.66,0.95,pi5,0.01,0.9375600384245918,0.9375600384245918,14.83,0.98,19.02303799715909,True
pi5,LogisticRegression(max_iter=100000),0.02,0.66,0.94,pi3,0.0,0.9371099375900144,0.9385501680268843,12.78,0.98,19.02303799715909,True
pi5,LogisticRegression(max_iter=100000),0.02,0.66,0.94,pi4,0.01,0.951126018207954,0.9506468615237182,14.83,0.98,19.02303799715909,True
pi4,LogisticRegression(max_iter=100000),0.01,0.74,0.97,pi5,0.01,0.9578441835645678,0.9578441835645678,14.25,0.97,23.83407315340909,False
pi5,LogisticRegression(max_iter=100000),0.01,0.57,0.96,pi4,0.01,0.9670212765957447,0.9670212765957447,14.25,0.97,23.83407315340909,False
