model_node,model,model_r2,train_time,optimisation_time,test_node,discrepancy,model_r2-d,test_r2,mmd_score,ocsvm_score,asmmd,balanced
pi2,LogisticRegression(max_iter=100000),0.93,0.07,6.63,pi3,0.01,0.9193415637860082,0.9275720164609054,0.03,1.0,0.13130760192871094,False
pi3,"LogisticRegression(C=0.01, max_iter=100000)",0.93,0.04,3.77,pi2,0.0,0.9325102880658436,0.928395061728395,0.03,0.99,0.13130760192871094,False
pi1,LogisticRegression(max_iter=100000),0.87,0.05,1.96,pi3,0.01,0.8705234159779615,0.8705234159779615,0.16,0.02,0.47467470169067383,True
pi3,"LogisticRegression(C=0.1, max_iter=100000, solver='liblinear')",0.87,0.01,1.91,pi1,0.01,0.8626506024096385,0.8650602409638555,0.16,0.09,0.47467470169067383,True
pi3,"LogisticRegression(C=0.1, max_iter=100000, solver='liblinear')",0.87,0.01,1.91,pi2,0.01,0.8608695652173913,0.855072463768116,0.27,0.95,0.47467470169067383,True
pi2,LogisticRegression(max_iter=100000),0.86,0.03,2.89,pi3,0.01,0.8677685950413223,0.8705234159779615,0.27,0.99,0.47467470169067383,True
pi4,LogisticRegression(max_iter=100000),0.71,0.05,2.23,pi5,0.01,0.7194860813704497,0.7194860813704497,0.28,0.09,0.47467470169067383,True
pi5,LogisticRegression(max_iter=100000),0.72,0.05,2.23,pi4,0.0,0.7147470398277718,0.71259418729817,0.28,0.01,0.47467470169067383,True
