model_node,model,train_time,optimisation_time,model_r2,test_node,discrepancy,model_r2-d,test_r2,mmd_score,ocsvm_score,asmmd,balanced
pi2,LogisticRegression(max_iter=100000),0.01,0.55,0.99,pi3,0.0,0.988256549232159,0.988256549232159,47.33,0.99,53.86219618055556,True
pi3,LogisticRegression(max_iter=100000),0.01,0.43,0.99,pi2,0.0,0.9882777276825969,0.9882777276825969,47.33,0.98,53.86219618055556,True
pi4,LogisticRegression(max_iter=100000),0.01,0.44,0.99,pi5,0.0,0.9864620938628159,0.9864620938628159,49.15,0.97,53.86219618055556,True
pi5,LogisticRegression(max_iter=100000),0.01,0.46,0.99,pi4,0.0,0.9864376130198915,0.9864376130198915,49.15,0.98,53.86219618055556,True
pi2,LogisticRegression(max_iter=100000),0.01,0.58,0.99,pi3,0.0,0.9899799599198397,0.9899799599198397,62.26,0.99,61.6552734375,False
pi3,LogisticRegression(max_iter=100000),0.01,0.52,0.99,pi2,0.0,0.9899497487437185,0.9899497487437185,62.26,0.97,61.6552734375,False
pi4,LogisticRegression(max_iter=100000),0.01,0.55,0.99,pi5,0.0,0.9899699097291875,0.9899699097291875,61.76,0.95,61.6552734375,False
pi5,LogisticRegression(max_iter=100000),0.01,1.02,0.99,pi4,0.0,0.9879275653923542,0.9879275653923542,61.76,0.97,61.6552734375,False
