model_node,model,model_r2,train_time,optimisation_time,test_node,discrepancy,model_r2-d,test_r2,mmd_score,ocsvm_score,asmmd,balanced
pi1,LogisticRegression(max_iter=100000),0.92,0.07,6.17,pi3,0.02,0.9018961253091509,0.9018961253091509,0.05,0.0,0.12243890762329102,False
pi3,LogisticRegression(max_iter=100000),0.9,0.08,3.41,pi1,0.01,0.9167353668590272,0.921681780708986,0.05,0.04,0.12243890762329102,False
pi4,LogisticRegression(max_iter=100000),0.73,0.06,2.33,pi5,0.0,0.723175965665236,0.7285407725321889,0.26,0.09,0.6379261016845703,True
pi5,LogisticRegression(max_iter=100000),0.73,0.04,2.24,pi4,0.0,0.7249488752556237,0.7259713701431493,0.26,0.01,0.6379261016845703,True
