model_node,model,model_r2,train_time,optimisation_time,test_node,discrepancy,model_r2-d,test_r2,mmd_score,ocsvm_score,asmmd,balanced
pi2,"LogisticRegression(C=1, max_iter=100000, solver='liblinear')",0.92,0.02,3.5,pi3,0.0,0.9193415637860082,0.9193415637860082,0.17,0.99,0.16738001505533853,False
pi3,LogisticRegression(max_iter=100000),0.92,0.07,9.92,pi2,0.0,0.9216171617161716,0.9232673267326733,0.17,0.98,0.16738001505533853,False
pi4,LogisticRegression(max_iter=100000),0.71,0.05,2.4,pi5,0.02,0.7304204451772465,0.7304204451772465,0.16,0.02,0.16738001505533853,False
pi5,LogisticRegression(max_iter=100000),0.73,0.04,2.33,pi4,0.02,0.7067545304777595,0.71499176276771,0.16,0.0,0.16738001505533853,False
pi2,LogisticRegression(max_iter=100000),0.86,0.04,2.58,pi3,0.03,0.8944723618090452,0.8894472361809045,0.63,0.99,0.9747085571289062,True
pi3,LogisticRegression(max_iter=100000),0.89,0.03,2.35,pi2,0.03,0.8597014925373134,0.8626865671641791,0.63,0.96,0.9747085571289062,True
pi4,LogisticRegression(max_iter=100000),0.72,0.04,2.34,pi5,0.01,0.7105831533477321,0.7170626349892009,0.35,0.09,0.9747085571289062,True
pi5,LogisticRegression(max_iter=100000),0.72,0.05,2.37,pi4,0.01,0.709349593495935,0.7164634146341463,0.35,0.01,0.9747085571289062,True
