model_node,model,model_r2,train_time,optimisation_time,test_node,discrepancy,model_r2-d,test_r2,mmd_score,ocsvm_score,asmmd,balanced
pi1,LogisticRegression(max_iter=100000),0.92,0.06,6.8,pi3,0.0,0.9117889530090684,0.9142621599340478,0.02,0.0,0.16617043813069662,False
pi3,"LogisticRegression(C=1, max_iter=100000, solver='liblinear')",0.91,0.02,5.52,pi1,0.0,0.9159109645507008,0.9159109645507008,0.02,0.04,0.16617043813069662,False
pi1,LogisticRegression(max_iter=100000),0.88,0.03,2.44,pi3,0.03,0.85,0.85,0.14,0.02,0.5246146519978842,True
pi3,LogisticRegression(max_iter=100000),0.85,0.05,1.98,pi1,0.03,0.8808290155440415,0.8782383419689119,0.14,0.07,0.5246146519978842,True
pi4,LogisticRegression(max_iter=100000),0.69,0.03,2.09,pi5,0.0,0.6956043956043956,0.6989010989010989,0.45,0.06,0.5246146519978842,True
pi5,LogisticRegression(max_iter=100000),0.7,0.03,2.1,pi4,0.02,0.6823899371069182,0.6907756813417191,0.45,0.01,0.5246146519978842,True
