model_node,model,model_r2,train_time,optimisation_time,test_node,discrepancy,model_r2-d,test_r2,mmd_score,ocsvm_score,asmmd,balanced
pi2,"LogisticRegression(C=1, max_iter=100000, solver='liblinear')",0.91,0.02,2.94,pi3,0.01,0.9223140495867769,0.9206611570247933,0.04,0.99,0.1575641632080078,False
pi3,LogisticRegression(max_iter=100000),0.92,0.07,2.96,pi2,0.01,0.909315746084089,0.9126133553173948,0.04,0.98,0.1575641632080078,False
pi1,"LogisticRegression(C=0.1, max_iter=100000, solver='liblinear')",0.86,0.01,1.55,pi3,0.01,0.8484848484848485,0.8575757575757575,0.87,0.02,0.9595179557800293,True
pi3,LogisticRegression(max_iter=100000),0.86,0.02,1.75,pi1,0.01,0.8483290488431876,0.8560411311053985,0.87,0.12,0.9595179557800293,True
pi3,LogisticRegression(max_iter=100000),0.86,0.02,1.75,pi2,0.02,0.8384401114206128,0.841225626740947,0.88,0.96,0.9595179557800293,True
pi2,LogisticRegression(max_iter=100000),0.84,0.04,1.65,pi3,0.01,0.8515151515151516,0.8575757575757575,0.88,0.99,0.9595179557800293,True
pi4,LogisticRegression(max_iter=100000),0.71,0.04,1.91,pi5,0.02,0.7219193020719739,0.7197382769901853,0.24,0.08,0.9595179557800293,True
pi5,LogisticRegression(max_iter=100000),0.72,0.03,1.87,pi4,0.01,0.7113821138211383,0.7052845528455285,0.24,0.01,0.9595179557800293,True
