model_node,model,model_r2,train_time,optimisation_time,test_node,discrepancy,model_r2-d,test_r2,mmd_score,ocsvm_score,asmmd,balanced
pi1,LogisticRegression(max_iter=100000),0.91,0.08,5.54,pi3,0.01,0.9225700164744646,0.9217462932454695,0.02,0.01,0.09712839126586914,False
pi3,LogisticRegression(max_iter=100000),0.92,0.08,9.14,pi1,0.01,0.9083402146985962,0.9091659785301404,0.02,0.03,0.09712839126586914,False
pi3,LogisticRegression(max_iter=100000),0.92,0.08,9.14,pi2,0.01,0.9166666666666666,0.9249174917491749,0.1,0.98,0.09712839126586914,False
pi2,LogisticRegression(max_iter=100000),0.92,0.08,7.48,pi3,0.0,0.9217462932454695,0.9217462932454695,0.1,0.99,0.09712839126586914,False
pi1,LogisticRegression(max_iter=100000),0.87,0.06,2.06,pi3,0.01,0.8733153638814016,0.8840970350404312,0.27,0.01,0.367154598236084,True
pi3,LogisticRegression(max_iter=100000),0.88,0.04,2.12,pi1,0.03,0.8536585365853658,0.8682926829268293,0.27,0.1,0.367154598236084,True
pi4,LogisticRegression(max_iter=100000),0.7,0.03,2.28,pi5,0.02,0.723726977248104,0.7378114842903575,0.32,0.08,0.367154598236084,True
pi5,LogisticRegression(max_iter=100000),0.74,0.04,2.48,pi4,0.02,0.7135250266240681,0.7007454739084132,0.32,0.02,0.367154598236084,True
