model_node,model,model_r2,train_time,optimisation_time,test_node,discrepancy,model_r2-d,test_r2,mmd_score,ocsvm_score,asmmd,balanced
pi1,"LogisticRegression(class_weight='balanced', max_iter=100000)",0.84,0.06,2.56,pi3,0.01,0.8325082508250825,0.844059405940594,0.05,0.0,0.1625665028889974,False
pi3,"LogisticRegression(class_weight='balanced', max_iter=100000)",0.84,0.06,2.74,pi1,0.01,0.8556105610561056,0.8432343234323433,0.05,0.06,0.1625665028889974,False
pi1,LogisticRegression(max_iter=100000),0.88,0.05,1.78,pi2,0.02,0.8597014925373134,0.8656716417910447,1.55,0.02,1.9757559299468994,True
pi1,LogisticRegression(max_iter=100000),0.88,0.05,1.78,pi3,0.0,0.8793565683646113,0.8820375335120644,0.6,0.02,1.9757559299468994,True
pi2,LogisticRegression(max_iter=100000),0.87,0.03,1.96,pi1,0.01,0.8779840848806366,0.8753315649867374,1.55,0.09,1.9757559299468994,True
pi3,LogisticRegression(max_iter=100000),0.88,0.04,1.49,pi1,0.01,0.8726790450928382,0.8753315649867374,0.6,0.11,1.9757559299468994,True
pi4,LogisticRegression(max_iter=100000),0.71,0.04,1.97,pi5,0.0,0.7133550488599348,0.7111834961997828,0.24,0.09,1.9757559299468994,True
pi5,LogisticRegression(max_iter=100000),0.71,0.03,1.88,pi4,0.0,0.716024340770791,0.7109533468559838,0.24,0.01,1.9757559299468994,True
