model_node,model,model_r2,train_time,optimisation_time,test_node,discrepancy,model_r2-d,test_r2,mmd_score,ocsvm_score,asmmd,balanced
pi1,"LogisticRegression(class_weight='balanced', max_iter=100000)",0.84,0.06,2.73,pi3,0.01,0.8542009884678748,0.8385502471169687,0.05,0.0,0.24727503458658853,False
pi3,"LogisticRegression(class_weight='balanced', max_iter=100000)",0.84,0.05,2.7,pi1,0.01,0.8270181219110379,0.8401976935749588,0.05,0.06,0.24727503458658853,False
pi1,LogisticRegression(max_iter=100000),0.89,0.06,1.71,pi3,0.05,0.8397932816537468,0.8475452196382429,0.13,0.01,1.494551181793213,True
pi3,LogisticRegression(max_iter=100000),0.85,0.05,1.7,pi1,0.03,0.8759305210918115,0.8858560794044665,0.13,0.11,1.494551181793213,True
pi4,LogisticRegression(max_iter=100000),0.7,0.05,2.05,pi5,0.02,0.7221597300337458,0.7244094488188977,0.42,0.1,1.494551181793213,True
pi5,LogisticRegression(max_iter=100000),0.72,0.03,2.1,pi4,0.01,0.7114583333333333,0.703125,0.42,0.01,1.494551181793213,True
