model_node,model,model_r2,train_time,optimisation_time,test_node,discrepancy,model_r2-d,test_r2,mmd_score,ocsvm_score,asmmd,balanced
pi1,"LogisticRegression(class_weight='balanced', max_iter=100000)",0.87,0.05,2.46,pi2,0.01,0.858085808580858,0.8448844884488449,0.1,0.01,0.10713386535644531,False
pi1,"LogisticRegression(class_weight='balanced', max_iter=100000)",0.87,0.05,2.46,pi3,0.01,0.8556105610561056,0.8325082508250825,0.11,0.0,0.10713386535644531,False
pi2,"LogisticRegression(class_weight='balanced', max_iter=100000)",0.84,0.06,2.67,pi1,0.0,0.8483099752679307,0.8672712283594394,0.1,0.07,0.10713386535644531,False
pi2,"LogisticRegression(class_weight='balanced', max_iter=100000)",0.84,0.06,2.67,pi3,0.01,0.8316831683168316,0.8325082508250825,0.02,0.98,0.10713386535644531,False
pi3,"LogisticRegression(class_weight='balanced', max_iter=100000)",0.83,0.06,2.8,pi1,0.02,0.8507831821929102,0.8672712283594394,0.11,0.05,0.10713386535644531,False
pi3,"LogisticRegression(class_weight='balanced', max_iter=100000)",0.83,0.06,2.8,pi2,0.01,0.8448844884488449,0.8448844884488449,0.02,0.98,0.10713386535644531,False
