model_node,model,model_r2,train_time,optimisation_time,test_node,discrepancy,model_r2-d,test_r2,mmd_score,ocsvm_score,asmmd,balanced
pi2,"LogisticRegression(C=0.01, class_weight='balanced', max_iter=100000,
                   solver='liblinear')",0.83,0.02,2.44,pi3,0.0,0.8316831683168316,0.8085808580858086,0.03,1.0,0.1473541259765625,False
pi3,"LogisticRegression(class_weight='balanced', max_iter=100000)",0.81,0.04,2.64,pi2,0.0,0.8039538714991763,0.8270181219110379,0.03,0.99,0.1473541259765625,False
pi1,"LogisticRegression(C=0.01, max_iter=100000, solver='liblinear')",0.87,0.01,1.95,pi3,0.01,0.8595505617977528,0.8623595505617978,0.09,0.02,0.16654586791992188,True
pi3,LogisticRegression(max_iter=100000),0.86,0.02,1.99,pi1,0.0,0.865909090909091,0.865909090909091,0.09,0.13,0.16654586791992188,True
pi3,LogisticRegression(max_iter=100000),0.86,0.02,1.99,pi2,0.02,0.8398791540785498,0.8459214501510574,0.16,0.96,0.16654586791992188,True
pi2,LogisticRegression(max_iter=100000),0.85,0.06,1.72,pi3,0.01,0.8595505617977528,0.8623595505617978,0.16,0.98,0.16654586791992188,True
