model_node,model,model_r2,train_time,optimisation_time,test_node,discrepancy,model_r2-d,test_r2,mmd_score,ocsvm_score,asmmd,balanced
pi1,"LogisticRegression(C=1, max_iter=100000, solver='liblinear')",0.92,0.02,6.01,pi3,0.0,0.920164609053498,0.9193415637860082,0.12,0.0,0.2389980951944987,False
pi3,LogisticRegression(max_iter=100000),0.92,0.03,3.11,pi1,0.0,0.9210526315789473,0.9202302631578947,0.12,0.06,0.2389980951944987,False
pi3,LogisticRegression(max_iter=100000),0.92,0.03,3.11,pi2,0.0,0.9225700164744646,0.9192751235584844,0.22,0.97,0.2389980951944987,False
pi2,LogisticRegression(max_iter=100000),0.92,0.04,3.99,pi3,0.01,0.9135802469135802,0.9193415637860082,0.22,0.99,0.2389980951944987,False
pi1,LogisticRegression(max_iter=100000),0.86,0.03,2.34,pi3,0.02,0.8805970149253731,0.8731343283582089,0.86,0.01,1.0916213989257812,True
pi3,LogisticRegression(max_iter=100000),0.87,0.02,2.04,pi1,0.03,0.8455696202531645,0.8582278481012658,0.86,0.12,1.0916213989257812,True
pi4,LogisticRegression(max_iter=100000),0.71,0.04,1.99,pi5,0.01,0.7144444444444444,0.7077777777777777,0.25,0.08,1.0916213989257812,True
pi5,LogisticRegression(max_iter=100000),0.71,0.04,1.92,pi4,0.0,0.7051671732522796,0.7082066869300911,0.25,0.01,1.0916213989257812,True
