model_node,model,model_r2,train_time,optimisation_time,test_node,discrepancy,model_r2-d,test_r2,mmd_score,ocsvm_score,asmmd,balanced
pi2,"LogisticRegression(C=0.1, max_iter=100000, solver='liblinear')",0.92,0.02,3.21,pi3,0.0,0.9174917491749175,0.91996699669967,0.06,1.0,0.13237826029459634,False
pi3,"LogisticRegression(C=0.01, max_iter=100000)",0.92,0.08,3.32,pi2,0.01,0.9126853377265239,0.9151565074135091,0.06,0.98,0.13237826029459634,False
pi2,LogisticRegression(max_iter=100000),0.82,0.06,1.57,pi3,0.07,0.888,0.888,0.13,0.97,0.44107913970947266,True
pi3,LogisticRegression(max_iter=100000),0.89,0.02,2.17,pi2,0.07,0.8198433420365535,0.8224543080939948,0.13,0.97,0.44107913970947266,True
pi4,LogisticRegression(max_iter=100000),0.72,0.05,1.98,pi5,0.02,0.6918103448275862,0.6961206896551724,0.27,0.07,0.44107913970947266,True
pi5,LogisticRegression(max_iter=100000),0.7,0.03,1.76,pi4,0.02,0.7120418848167539,0.7151832460732984,0.27,0.02,0.44107913970947266,True
