model_node,model,train_time,optimisation_time,model_r2,test_node,discrepancy,model_r2-d,test_r2,mmd_score,ocsvm_score,asmmd,balanced
pi4,LogisticRegression(max_iter=100000),0.02,0.71,0.95,pi5,0.01,0.9425011978917106,0.9439386679444178,16.08,0.98,16.5303955078125,True
pi5,LogisticRegression(max_iter=100000),0.02,0.64,0.94,pi4,0.0,0.9486810551558753,0.9486810551558753,16.08,0.98,16.5303955078125,True
pi3,LogisticRegression(max_iter=100000),0.02,0.62,0.96,pi5,0.0,0.9621736814064997,0.9621736814064997,15.71,0.98,21.782784598214285,False
pi5,LogisticRegression(max_iter=100000),0.01,0.57,0.96,pi3,0.0,0.9631803628601922,0.9631803628601922,15.71,0.98,21.782784598214285,False
