model_node,model,model_r2,train_time,optimisation_time,test_node,discrepancy,model_r2-d,test_r2,mmd_score,ocsvm_score,asmmd,balanced
pi1,"LogisticRegression(class_weight='balanced', max_iter=100000)",0.85,0.09,4.44,pi3,0.01,0.8351195383347073,0.8491343775762572,0.02,0.0,0.13680362701416016,False
pi3,"LogisticRegression(class_weight='balanced', max_iter=100000)",0.85,0.07,3.44,pi1,0.01,0.8565539983511954,0.8450123660346249,0.02,0.03,0.13680362701416016,False
pi1,LogisticRegression(max_iter=100000),0.88,0.05,2.95,pi3,0.01,0.8870588235294118,0.8870588235294118,0.41,0.0,0.9008220036824545,True
pi3,LogisticRegression(max_iter=100000),0.89,0.04,2.89,pi1,0.01,0.8762626262626263,0.8762626262626263,0.41,0.06,0.9008220036824545,True
pi4,LogisticRegression(max_iter=100000),0.69,0.04,2.15,pi5,0.03,0.7245444801714899,0.7266881028938906,0.28,0.05,0.9008220036824545,True
pi5,LogisticRegression(max_iter=100000),0.73,0.04,3.49,pi4,0.02,0.7051546391752578,0.6938144329896907,0.28,0.01,0.9008220036824545,True
