model_node,model,model_r2,train_time,optimisation_time,test_node,discrepancy,model_r2-d,test_r2,mmd_score,ocsvm_score,asmmd,balanced
pi2,"LogisticRegression(class_weight='balanced', max_iter=100000)",0.81,0.04,2.45,pi3,0.01,0.8168316831683168,0.8028052805280528,0.05,0.98,0.19194698333740234,False
pi3,"LogisticRegression(class_weight='balanced', max_iter=100000)",0.8,0.04,2.81,pi2,0.02,0.7871287128712872,0.8102310231023102,0.05,0.97,0.19194698333740234,False
pi1,LogisticRegression(max_iter=100000),0.88,0.05,1.59,pi3,0.05,0.8360655737704918,0.8278688524590164,0.19,0.01,0.562066396077474,True
pi3,LogisticRegression(max_iter=100000),0.83,0.04,1.59,pi1,0.04,0.8721461187214612,0.8812785388127854,0.19,0.14,0.562066396077474,True
pi3,LogisticRegression(max_iter=100000),0.83,0.04,1.59,pi2,0.03,0.853185595567867,0.850415512465374,0.35,0.96,0.562066396077474,True
pi2,LogisticRegression(max_iter=100000),0.85,0.03,1.81,pi3,0.02,0.8333333333333334,0.8278688524590164,0.35,0.97,0.562066396077474,True
pi4,"LogisticRegression(C=0.01, max_iter=100000)",0.73,0.03,2.02,pi5,0.0,0.7261904761904762,0.7283549783549783,0.28,0.06,0.562066396077474,True
pi5,LogisticRegression(max_iter=100000),0.73,0.04,2.01,pi4,0.01,0.720164609053498,0.7283950617283951,0.28,0.01,0.562066396077474,True
