model_node,model,train_time,optimisation_time,model_r2,test_node,discrepancy,model_r2-d,test_r2,mmd_score,ocsvm_score,asmmd,balanced
pi2,LogisticRegression(max_iter=100000),0.02,0.71,0.96,pi4,0.01,0.9506468615237182,0.9496885481552467,11.28,0.98,13.923828125,True
pi4,LogisticRegression(max_iter=100000),0.01,0.67,0.95,pi2,0.0,0.9530201342281879,0.9568552253116012,11.28,0.99,13.923828125,True
pi2,LogisticRegression(max_iter=100000),0.02,0.64,0.97,pi4,0.0,0.9659030367607885,0.9659030367607885,13.86,0.97,16.884114583333332,False
pi4,LogisticRegression(max_iter=100000),0.01,0.64,0.97,pi2,0.0,0.9701492537313433,0.9701492537313433,13.86,1.0,16.884114583333332,False
