model_node,model,model_r2,train_time,optimisation_time,test_node,discrepancy,model_r2-d,test_r2,mmd_score,ocsvm_score,asmmd,balanced
pi1,LogisticRegression(max_iter=100000),0.92,0.07,10.13,pi3,0.0,0.9134377576257213,0.9159109645507008,0.08,0.0,0.12025690078735352,False
pi3,LogisticRegression(max_iter=100000),0.92,0.05,3.3,pi1,0.0,0.9150865622423743,0.9183841714756801,0.08,0.05,0.12025690078735352,False
pi1,"LogisticRegression(C=0.1, max_iter=100000, solver='liblinear')",0.87,0.01,1.55,pi3,0.01,0.8768844221105527,0.8743718592964824,0.19,0.01,0.47852230072021484,True
pi3,LogisticRegression(max_iter=100000),0.87,0.02,1.85,pi1,0.0,0.8694581280788177,0.8694581280788177,0.19,0.14,0.47852230072021484,True
pi4,LogisticRegression(max_iter=100000),0.7,0.03,1.81,pi5,0.03,0.7277657266811279,0.7299349240780911,0.27,0.09,0.47852230072021484,True
pi5,LogisticRegression(max_iter=100000),0.73,0.03,1.99,pi4,0.02,0.7094379639448568,0.6988335100742312,0.27,0.01,0.47852230072021484,True
