model_node,model,model_r2,train_time,optimisation_time,test_node,discrepancy,model_r2-d,test_r2,mmd_score,ocsvm_score,asmmd,balanced
pi1,LogisticRegression(max_iter=100000),0.92,0.06,10.66,pi3,0.0,0.921681780708986,0.9183841714756801,0.15,0.0,0.17769400278727213,False
pi3,LogisticRegression(max_iter=100000),0.92,0.03,3.32,pi1,0.0,0.9208573784006595,0.920032976092333,0.15,0.05,0.17769400278727213,False
pi3,LogisticRegression(max_iter=100000),0.92,0.03,3.32,pi2,0.0,0.9141914191419142,0.915016501650165,0.15,0.98,0.17769400278727213,False
pi2,LogisticRegression(max_iter=100000),0.92,0.08,3.12,pi3,0.01,0.920032976092333,0.9183841714756801,0.15,0.99,0.17769400278727213,False
pi1,LogisticRegression(max_iter=100000),0.89,0.06,1.78,pi3,0.03,0.8579088471849866,0.871313672922252,0.37,0.01,0.7086521784464518,True
pi3,LogisticRegression(max_iter=100000),0.87,0.04,2.37,pi1,0.01,0.8856447688564477,0.8905109489051095,0.37,0.14,0.7086521784464518,True
pi4,LogisticRegression(max_iter=100000),0.71,0.04,2.09,pi5,0.01,0.6991247264770241,0.6991247264770241,0.48,0.1,0.7086521784464518,True
pi5,"LogisticRegression(C=0.01, max_iter=100000)",0.7,0.04,1.9,pi4,0.02,0.7238403451995685,0.7055016181229773,0.48,0.01,0.7086521784464518,True
