model_node,model,model_r2,train_time,optimisation_time,test_node,discrepancy,model_r2-d,test_r2,mmd_score,ocsvm_score,asmmd,balanced
pi1,"LogisticRegression(C=0.01, class_weight='balanced', max_iter=100000,
                   solver='saga')",0.82,0.02,4.82,pi3,0.01,0.8292079207920792,0.8531353135313532,0.08,0.0,0.12892913818359375,False
pi3,"LogisticRegression(class_weight='balanced', max_iter=100000)",0.85,0.06,2.87,pi1,0.01,0.8386831275720165,0.8222222222222222,0.08,0.04,0.12892913818359375,False
pi3,"LogisticRegression(class_weight='balanced', max_iter=100000)",0.85,0.06,2.87,pi2,0.0,0.8507831821929102,0.8202802967848309,0.12,0.97,0.12892913818359375,False
pi2,"LogisticRegression(C=0.01, class_weight='balanced', max_iter=100000,
                   solver='saga')",0.82,0.03,4.06,pi3,0.01,0.8118811881188119,0.8531353135313532,0.12,1.0,0.12892913818359375,False
pi1,LogisticRegression(max_iter=100000),0.86,0.06,1.83,pi3,0.02,0.8784810126582279,0.8683544303797468,0.17,0.01,0.1865062713623047,True
pi3,LogisticRegression(max_iter=100000),0.87,0.02,2.59,pi1,0.02,0.852803738317757,0.8574766355140186,0.17,0.12,0.1865062713623047,True
pi3,LogisticRegression(max_iter=100000),0.87,0.02,2.59,pi2,0.01,0.8828828828828829,0.8768768768768769,0.16,0.93,0.1865062713623047,True
pi2,LogisticRegression(max_iter=100000),0.88,0.03,1.99,pi3,0.01,0.8708860759493671,0.8683544303797468,0.16,1.0,0.1865062713623047,True
