model_node,model,model_r2,train_time,optimisation_time,test_node,discrepancy,model_r2-d,test_r2,mmd_score,ocsvm_score,asmmd,balanced
pi1,"LogisticRegression(class_weight='balanced', max_iter=100000)",0.82,0.03,2.58,pi2,0.0,0.820957095709571,0.8391089108910891,0.13,0.0,0.13407357533772787,False
pi2,"LogisticRegression(class_weight='balanced', max_iter=100000)",0.84,0.07,2.46,pi1,0.0,0.8377265238879736,0.8212520593080724,0.13,0.06,0.13407357533772787,False
pi2,"LogisticRegression(class_weight='balanced', max_iter=100000)",0.84,0.07,2.46,pi3,0.01,0.8481848184818482,0.8217821782178217,0.08,0.99,0.13407357533772787,False
pi3,"LogisticRegression(class_weight='balanced', max_iter=100000)",0.82,0.05,2.43,pi2,0.0,0.8176567656765676,0.8391089108910891,0.08,0.98,0.13407357533772787,False
pi4,LogisticRegression(max_iter=100000),0.71,0.06,2.54,pi5,0.01,0.7045951859956237,0.7133479212253829,0.27,0.06,0.6153144836425781,True
pi5,LogisticRegression(max_iter=100000),0.71,0.05,2.01,pi4,0.0,0.7169421487603306,0.7138429752066116,0.27,0.01,0.6153144836425781,True
