model_node,model,train_time,optimisation_time,model_r2,test_node,discrepancy,model_r2-d,test_r2,mmd_score,ocsvm_score,asmmd,balanced
pi3,LogisticRegression(max_iter=100000),0.01,0.64,0.95,pi4,0.01,0.958253358925144,0.9577735124760077,13.21,0.98,30.17791748046875,True
pi4,LogisticRegression(max_iter=100000),0.01,0.64,0.96,pi3,0.01,0.9519461797212878,0.9519461797212878,13.21,0.98,30.17791748046875,True
pi3,LogisticRegression(max_iter=100000),0.01,0.61,0.97,pi4,0.01,0.9706666666666667,0.9706666666666667,23.0,0.96,31.2474365234375,False
pi4,LogisticRegression(max_iter=100000),0.01,0.54,0.97,pi3,0.01,0.9652963160704752,0.9652963160704752,23.0,0.99,31.2474365234375,False
pi4,LogisticRegression(max_iter=100000),0.01,0.54,0.97,pi5,0.01,0.9631607047517352,0.9631607047517352,22.15,0.97,31.2474365234375,False
pi5,LogisticRegression(max_iter=100000),0.02,0.63,0.96,pi4,0.01,0.9706666666666667,0.9706666666666667,22.15,0.94,31.2474365234375,False
