model_node,model,model_r2,train_time,optimisation_time,test_node,discrepancy,model_r2-d,test_r2,mmd_score,ocsvm_score,asmmd,balanced
pi1,"LogisticRegression(class_weight='balanced', max_iter=100000)",0.85,0.06,2.55,pi3,0.01,0.8547854785478548,0.8448844884488449,0.05,0.01,0.09922266006469727,False
pi3,"LogisticRegression(class_weight='balanced', max_iter=100000)",0.84,0.03,2.52,pi1,0.01,0.8336079077429983,0.8467874794069192,0.05,0.08,0.09922266006469727,False
pi3,"LogisticRegression(class_weight='balanced', max_iter=100000)",0.84,0.03,2.52,pi2,0.01,0.8369028006589786,0.8270181219110379,0.08,0.99,0.09922266006469727,False
pi2,"LogisticRegression(C=0.01, class_weight='balanced', max_iter=100000,
                   solver='liblinear')",0.83,0.02,2.99,pi3,0.01,0.8358085808580858,0.8448844884488449,0.08,0.98,0.09922266006469727,False
pi1,LogisticRegression(max_iter=100000),0.88,0.05,1.71,pi3,0.0,0.8702702702702703,0.8783783783783784,0.07,0.02,0.5657952626546224,True
pi3,LogisticRegression(max_iter=100000),0.88,0.02,2.04,pi1,0.01,0.885,0.875,0.07,0.11,0.5657952626546224,True
pi4,LogisticRegression(max_iter=100000),0.69,0.04,1.85,pi5,0.02,0.7095744680851064,0.7031914893617022,0.25,0.09,0.5657952626546224,True
pi5,LogisticRegression(max_iter=100000),0.7,0.04,1.92,pi4,0.02,0.6880252100840336,0.694327731092437,0.25,0.01,0.5657952626546224,True
