model_node,model,model_r2,train_time,optimisation_time,test_node,discrepancy,model_r2-d,test_r2,mmd_score,ocsvm_score,asmmd,balanced
pi1,LogisticRegression(max_iter=100000),0.91,0.08,3.4,pi3,0.01,0.9184514003294892,0.9184514003294892,0.09,0.0,0.11608409881591797,False
pi3,LogisticRegression(max_iter=100000),0.92,0.1,3.44,pi1,0.01,0.9066886870355079,0.911643270024773,0.09,0.04,0.11608409881591797,False
pi3,LogisticRegression(max_iter=100000),0.92,0.1,3.44,pi2,0.01,0.9101401483924155,0.9117889530090684,0.09,0.98,0.11608409881591797,False
pi2,LogisticRegression(max_iter=100000),0.91,0.04,3.53,pi3,0.01,0.9168039538714992,0.9184514003294892,0.09,0.99,0.11608409881591797,False
pi1,LogisticRegression(max_iter=100000),0.89,0.04,2.82,pi3,0.02,0.8664850136239782,0.8528610354223434,0.17,0.01,0.7978630065917969,True
pi3,LogisticRegression(max_iter=100000),0.85,0.03,2.45,pi1,0.02,0.8746928746928747,0.8894348894348895,0.17,0.09,0.7978630065917969,True
pi4,LogisticRegression(max_iter=100000),0.73,0.05,2.25,pi5,0.01,0.7166482910694597,0.7144432194046306,0.26,0.09,0.7978630065917969,True
pi5,LogisticRegression(max_iter=100000),0.71,0.04,2.18,pi4,0.01,0.7286902286902287,0.7255717255717256,0.26,0.0,0.7978630065917969,True
