model_node,model,model_r2,train_time,optimisation_time,test_node,discrepancy,model_r2-d,test_r2,mmd_score,ocsvm_score,asmmd,balanced
pi2,LogisticRegression(max_iter=100000),0.92,0.05,3.8,pi3,0.0,0.9142621599340478,0.9142621599340478,0.07,0.98,0.13953177134195963,False
pi3,LogisticRegression(max_iter=100000),0.91,0.04,3.41,pi2,0.0,0.9159109645507008,0.9150865622423743,0.07,0.99,0.13953177134195963,False
pi2,LogisticRegression(max_iter=100000),0.86,0.06,2.03,pi3,0.02,0.8392370572207084,0.8528610354223434,0.26,0.98,0.4538559913635254,True
pi3,LogisticRegression(max_iter=100000),0.85,0.02,2.03,pi2,0.0,0.8506666666666667,0.856,0.26,0.99,0.4538559913635254,True
pi4,LogisticRegression(max_iter=100000),0.71,0.05,2.28,pi5,0.03,0.7374727668845316,0.7342047930283224,0.25,0.08,0.4538559913635254,True
pi5,LogisticRegression(max_iter=100000),0.73,0.05,2.31,pi4,0.02,0.7102702702702702,0.7081081081081081,0.25,0.0,0.4538559913635254,True
