model_node,model,model_r2,train_time,optimisation_time,test_node,discrepancy,model_r2-d,test_r2,mmd_score,ocsvm_score,asmmd,balanced
pi1,LogisticRegression(max_iter=100000),0.91,0.04,3.55,pi2,0.01,0.9141205615194055,0.9124690338563171,0.1,0.0,0.12223529815673828,False
pi1,LogisticRegression(max_iter=100000),0.91,0.04,3.55,pi3,0.0,0.9100660066006601,0.9100660066006601,0.05,0.0,0.12223529815673828,False
pi2,LogisticRegression(max_iter=100000),0.91,0.08,6.8,pi1,0.0,0.9117889530090684,0.9084913437757626,0.1,0.05,0.12223529815673828,False
pi3,LogisticRegression(max_iter=100000),0.91,0.07,3.4,pi1,0.0,0.909315746084089,0.9084913437757626,0.05,0.06,0.12223529815673828,False
pi1,LogisticRegression(max_iter=100000),0.9,0.06,1.94,pi3,0.04,0.8588807785888077,0.8613138686131386,0.13,0.01,0.39983685811360675,True
pi3,LogisticRegression(max_iter=100000),0.86,0.05,2.04,pi1,0.03,0.8913043478260869,0.8985507246376812,0.13,0.08,0.39983685811360675,True
pi4,LogisticRegression(max_iter=100000),0.73,0.04,2.48,pi5,0.01,0.7159827213822895,0.7224622030237581,0.25,0.1,0.39983685811360675,True
pi5,LogisticRegression(max_iter=100000),0.72,0.03,2.19,pi4,0.0,0.7251282051282051,0.7292307692307692,0.25,0.01,0.39983685811360675,True
