model_node,model,model_r2,train_time,optimisation_time,test_node,discrepancy,model_r2-d,test_r2,mmd_score,ocsvm_score,asmmd,balanced
pi1,"LogisticRegression(C=0.01, class_weight='balanced', max_iter=100000,
                   solver='liblinear')",0.86,0.02,2.96,pi3,0.03,0.8311367380560132,0.842668863261944,0.02,0.0,0.10820070902506511,False
pi3,"LogisticRegression(class_weight='balanced', max_iter=100000)",0.84,0.06,2.84,pi1,0.03,0.870355078447564,0.856317093311313,0.02,0.03,0.10820070902506511,False
pi1,LogisticRegression(max_iter=100000),0.89,0.05,1.7,pi3,0.02,0.8759493670886076,0.8734177215189873,0.18,0.01,0.4885203043619792,True
pi3,LogisticRegression(max_iter=100000),0.87,0.04,1.89,pi1,0.01,0.8816425120772947,0.8913043478260869,0.18,0.1,0.4885203043619792,True
pi4,LogisticRegression(max_iter=100000),0.7,0.05,2.59,pi5,0.01,0.71413390010627,0.7151965993623804,0.25,0.07,0.4885203043619792,True
pi5,LogisticRegression(max_iter=100000),0.72,0.04,2.26,pi4,0.01,0.7013669821240799,0.704521556256572,0.25,0.01,0.4885203043619792,True
