model_node,model,model_r2,train_time,optimisation_time,test_node,discrepancy,model_r2-d,test_r2,mmd_score,ocsvm_score,asmmd,balanced
pi1,"LogisticRegression(class_weight='balanced', max_iter=100000)",0.85,0.05,2.78,pi2,0.01,0.8408903544929925,0.8384171475680132,0.08,0.01,0.1274094581604004,False
pi2,"LogisticRegression(C=0.01, class_weight='balanced', max_iter=100000,
                   solver='saga')",0.84,0.03,2.88,pi1,0.0,0.843363561417972,0.8491343775762572,0.08,0.07,0.1274094581604004,False
pi2,"LogisticRegression(C=0.01, class_weight='balanced', max_iter=100000,
                   solver='saga')",0.84,0.03,2.88,pi3,0.02,0.8161582852431987,0.8004946413849959,0.03,0.99,0.1274094581604004,False
pi3,"LogisticRegression(class_weight='balanced', max_iter=100000)",0.8,0.05,2.58,pi2,0.02,0.8244023083264633,0.8384171475680132,0.03,0.98,0.1274094581604004,False
pi1,LogisticRegression(max_iter=100000),0.89,0.04,2.14,pi2,0.03,0.864406779661017,0.864406779661017,0.11,0.01,0.18594233194986978,True
pi2,"LogisticRegression(C=1, max_iter=100000, solver='liblinear')",0.86,0.01,1.79,pi1,0.03,0.8909952606635071,0.8933649289099526,0.11,0.14,0.18594233194986978,True
pi2,"LogisticRegression(C=1, max_iter=100000, solver='liblinear')",0.86,0.01,1.79,pi3,0.01,0.8525469168900804,0.8525469168900804,0.12,0.91,0.18594233194986978,True
pi3,LogisticRegression(max_iter=100000),0.85,0.03,2.08,pi2,0.01,0.8615819209039548,0.864406779661017,0.12,0.95,0.18594233194986978,True
