model_node,model,model_r2,train_time,optimisation_time,test_node,discrepancy,model_r2-d,test_r2,mmd_score,ocsvm_score,asmmd,balanced
pi1,"LogisticRegression(class_weight='balanced', max_iter=100000)",0.84,0.06,2.51,pi2,0.01,0.8270181219110379,0.8212520593080724,0.02,0.0,0.06945085525512695,False
pi1,"LogisticRegression(class_weight='balanced', max_iter=100000)",0.84,0.06,2.51,pi3,0.01,0.8276999175597691,0.8342951360263808,0.03,0.01,0.06945085525512695,False
pi2,"LogisticRegression(C=0.01, class_weight='balanced', max_iter=100000,
                   solver='liblinear')",0.82,0.02,3.56,pi1,0.01,0.8271604938271605,0.8353909465020576,0.02,0.07,0.06945085525512695,False
pi2,"LogisticRegression(C=0.01, class_weight='balanced', max_iter=100000,
                   solver='liblinear')",0.82,0.02,3.56,pi3,0.01,0.8161582852431987,0.8342951360263808,0.05,1.0,0.06945085525512695,False
pi3,"LogisticRegression(class_weight='balanced', max_iter=100000)",0.83,0.06,2.63,pi1,0.01,0.842798353909465,0.8353909465020576,0.03,0.05,0.06945085525512695,False
pi3,"LogisticRegression(class_weight='balanced', max_iter=100000)",0.83,0.06,2.63,pi2,0.0,0.8327841845140033,0.8212520593080724,0.05,0.99,0.06945085525512695,False
pi1,"LogisticRegression(C=1, max_iter=100000, solver='liblinear')",0.86,0.01,2.0,pi2,0.01,0.8538681948424068,0.8595988538681948,0.09,0.02,0.1489435831705729,True
pi2,LogisticRegression(max_iter=100000),0.86,0.05,2.02,pi1,0.0,0.8609625668449198,0.8609625668449198,0.09,0.14,0.1489435831705729,True
