model_node,model,model_r2,train_time,optimisation_time,test_node,discrepancy,model_r2-d,test_r2,mmd_score,ocsvm_score,asmmd,balanced
pi2,LogisticRegression(max_iter=100000),0.91,0.09,4.24,pi3,0.0,0.9142621599340478,0.9142621599340478,0.08,0.97,0.12104177474975586,False
pi3,LogisticRegression(max_iter=100000),0.91,0.09,3.46,pi2,0.01,0.9076669414674361,0.910964550700742,0.08,0.96,0.12104177474975586,False
pi1,LogisticRegression(max_iter=100000),0.86,0.06,2.11,pi3,0.0,0.861764705882353,0.8647058823529412,0.22,0.02,0.5558366775512695,True
pi3,LogisticRegression(max_iter=100000),0.86,0.03,2.12,pi1,0.01,0.8558139534883721,0.858139534883721,0.22,0.08,0.5558366775512695,True
pi3,LogisticRegression(max_iter=100000),0.86,0.03,2.12,pi2,0.04,0.8244047619047619,0.8273809523809523,0.52,0.92,0.5558366775512695,True
pi2,"LogisticRegression(C=0.1, max_iter=100000, solver='liblinear')",0.83,0.01,1.73,pi3,0.03,0.861764705882353,0.8647058823529412,0.52,0.97,0.5558366775512695,True
pi4,LogisticRegression(max_iter=100000),0.7,0.03,2.05,pi5,0.01,0.7099892588614393,0.7078410311493019,0.28,0.06,0.5558366775512695,True
pi5,"LogisticRegression(C=0.01, max_iter=100000)",0.71,0.04,2.09,pi4,0.01,0.6981740064446831,0.6960257787325457,0.28,0.01,0.5558366775512695,True
