model_node,model,model_r2,train_time,optimisation_time,test_node,discrepancy,model_r2-d,test_r2,mmd_score,ocsvm_score,asmmd,balanced
pi1,LogisticRegression(max_iter=100000),0.91,0.04,3.58,pi3,0.0,0.9161184210526315,0.9226973684210527,0.06,0.01,0.1179966926574707,False
pi3,LogisticRegression(max_iter=100000),0.92,0.08,3.41,pi1,0.01,0.915016501650165,0.9133663366336634,0.06,0.05,0.1179966926574707,False
pi3,LogisticRegression(max_iter=100000),0.92,0.08,3.41,pi2,0.0,0.9183841714756801,0.9208573784006595,0.09,0.99,0.1179966926574707,False
pi2,LogisticRegression(max_iter=100000),0.92,0.08,3.34,pi3,0.0,0.9202302631578947,0.9226973684210527,0.09,0.99,0.1179966926574707,False
pi1,"LogisticRegression(C=1, max_iter=100000, solver='liblinear')",0.87,0.01,1.85,pi3,0.04,0.8283378746594006,0.8310626702997275,0.2,0.01,0.3465876579284668,True
pi3,LogisticRegression(max_iter=100000),0.83,0.03,1.9,pi1,0.03,0.8560794044665012,0.8709677419354839,0.2,0.1,0.3465876579284668,True
pi4,LogisticRegression(max_iter=100000),0.73,0.05,2.28,pi5,0.01,0.7350993377483444,0.7406181015452539,0.24,0.09,0.3465876579284668,True
pi5,LogisticRegression(max_iter=100000),0.74,0.05,2.22,pi4,0.01,0.7292759706190975,0.7250786988457503,0.24,0.01,0.3465876579284668,True
