model_node,model,model_r2,train_time,optimisation_time,test_node,discrepancy,model_r2-d,test_r2,mmd_score,ocsvm_score,asmmd,balanced
pi1,"LogisticRegression(class_weight='balanced', max_iter=100000)",0.83,0.06,2.57,pi3,0.0,0.831275720164609,0.8222222222222222,0.04,0.0,0.1424117088317871,False
pi3,"LogisticRegression(class_weight='balanced', max_iter=100000)",0.82,0.05,2.85,pi1,0.0,0.8201320132013201,0.8292079207920792,0.04,0.04,0.1424117088317871,False
pi3,"LogisticRegression(class_weight='balanced', max_iter=100000)",0.82,0.05,2.85,pi2,0.0,0.8250825082508251,0.816006600660066,0.1,0.98,0.1424117088317871,False
pi2,"LogisticRegression(class_weight='balanced', max_iter=100000)",0.82,0.04,3.06,pi3,0.0,0.8131687242798354,0.8222222222222222,0.1,1.0,0.1424117088317871,False
pi1,LogisticRegression(max_iter=100000),0.86,0.07,2.07,pi3,0.01,0.8492462311557789,0.8467336683417085,0.09,0.0,0.22767194112141928,True
pi3,LogisticRegression(max_iter=100000),0.85,0.03,2.07,pi1,0.02,0.8632911392405064,0.8582278481012658,0.09,0.06,0.22767194112141928,True
pi3,LogisticRegression(max_iter=100000),0.85,0.03,2.07,pi2,0.01,0.8388059701492537,0.8567164179104477,0.21,0.93,0.22767194112141928,True
pi2,LogisticRegression(max_iter=100000),0.86,0.05,1.75,pi3,0.01,0.8442211055276382,0.8467336683417085,0.21,0.99,0.22767194112141928,True
