model_node,model,model_r2,train_time,optimisation_time,test_node,discrepancy,model_r2-d,test_r2,mmd_score,ocsvm_score,asmmd,balanced
pi1,"LogisticRegression(C=0.01, class_weight='balanced', max_iter=100000,
                   solver='saga')",0.85,0.04,2.82,pi3,0.02,0.8288065843621399,0.8345679012345679,0.02,0.01,0.14397478103637695,False
pi3,"LogisticRegression(class_weight='balanced', max_iter=100000)",0.83,0.03,2.55,pi1,0.02,0.8505367464905037,0.8455821635012386,0.02,0.05,0.14397478103637695,False
pi1,LogisticRegression(max_iter=100000),0.88,0.03,2.31,pi3,0.02,0.8647959183673469,0.8520408163265306,0.91,0.02,3.091567873954773,True
pi3,LogisticRegression(max_iter=100000),0.85,0.02,1.92,pi1,0.01,0.8666666666666667,0.8804597701149425,0.91,0.12,3.091567873954773,True
pi4,LogisticRegression(max_iter=100000),0.71,0.03,2.04,pi5,0.01,0.7222222222222222,0.7256235827664399,0.26,0.09,3.091567873954773,True
pi5,LogisticRegression(max_iter=100000),0.73,0.04,2.24,pi4,0.01,0.7126315789473684,0.7094736842105264,0.26,0.01,3.091567873954773,True
