model_node,model,model_r2,train_time,optimisation_time,test_node,discrepancy,model_r2-d,test_r2,mmd_score,ocsvm_score,asmmd,balanced
pi1,LogisticRegression(max_iter=100000),0.93,0.08,3.18,pi2,0.01,0.9183841714756801,0.921681780708986,0.04,0.0,0.1318209966023763,False
pi1,LogisticRegression(max_iter=100000),0.93,0.08,3.18,pi3,0.01,0.9159109645507008,0.9150865622423743,0.1,0.01,0.1318209966023763,False
pi2,LogisticRegression(max_iter=100000),0.92,0.07,3.17,pi1,0.01,0.9266886326194399,0.9250411861614497,0.04,0.06,0.1318209966023763,False
pi3,LogisticRegression(max_iter=100000),0.92,0.04,3.0,pi1,0.01,0.9233937397034596,0.9250411861614497,0.1,0.06,0.1318209966023763,False
pi1,LogisticRegression(max_iter=100000),0.86,0.06,1.68,pi2,0.01,0.8701298701298701,0.8727272727272727,0.11,0.02,0.4119882583618164,True
pi2,"LogisticRegression(C=0.01, max_iter=100000)",0.87,0.02,2.1,pi1,0.0,0.8705234159779615,0.859504132231405,0.11,0.15,0.4119882583618164,True
pi4,LogisticRegression(max_iter=100000),0.73,0.05,2.08,pi5,0.02,0.7098560354374308,0.707641196013289,0.28,0.07,0.4119882583618164,True
pi5,LogisticRegression(max_iter=100000),0.71,0.05,2.03,pi4,0.01,0.7138331573389651,0.7286166842661035,0.28,0.01,0.4119882583618164,True
