model_node,model,model_r2,train_time,optimisation_time,test_node,discrepancy,model_r2-d,test_r2,mmd_score,ocsvm_score,asmmd,balanced
pi1,"LogisticRegression(C=0.1, class_weight='balanced', max_iter=100000,
                   solver='liblinear')",0.83,0.02,2.86,pi3,0.01,0.8212520593080724,0.8632619439868204,0.04,0.0,0.10897684097290039,False
pi3,"LogisticRegression(class_weight='balanced', max_iter=100000)",0.86,0.05,2.89,pi1,0.01,0.858085808580858,0.8275577557755776,0.04,0.02,0.10897684097290039,False
pi1,LogisticRegression(max_iter=100000),0.84,0.05,1.78,pi3,0.02,0.8652291105121294,0.8679245283018868,0.14,0.01,1.175300121307373,True
pi3,LogisticRegression(max_iter=100000),0.87,0.04,1.92,pi1,0.04,0.8274111675126904,0.8426395939086294,0.14,0.07,1.175300121307373,True
pi4,"LogisticRegression(C=0.01, max_iter=100000, solver='saga')",0.7,0.03,2.31,pi5,0.03,0.7309697601668405,0.7382690302398331,0.25,0.07,1.175300121307373,True
pi5,LogisticRegression(max_iter=100000),0.74,0.04,2.15,pi4,0.04,0.7011375387797312,0.6990692864529473,0.25,0.01,1.175300121307373,True
