model_node,model,model_r2,train_time,optimisation_time,test_node,discrepancy,model_r2-d,test_r2,mmd_score,ocsvm_score,asmmd,balanced
pi1,"LogisticRegression(C=1, max_iter=100000, solver='liblinear')",0.92,0.02,10.55,pi3,0.0,0.9166666666666666,0.9183168316831684,0.06,0.01,0.17683935165405273,False
pi3,LogisticRegression(max_iter=100000),0.92,0.08,6.05,pi1,0.0,0.9168039538714992,0.9168039538714992,0.06,0.07,0.17683935165405273,False
pi3,LogisticRegression(max_iter=100000),0.92,0.08,6.05,pi2,0.0,0.9141914191419142,0.9174917491749175,0.12,0.97,0.17683935165405273,False
pi2,"LogisticRegression(C=10, max_iter=100000, solver='liblinear')",0.92,0.02,9.04,pi3,0.0,0.9141914191419142,0.9183168316831684,0.12,0.99,0.17683935165405273,False
pi1,LogisticRegression(max_iter=100000),0.87,0.03,2.56,pi3,0.01,0.8820375335120644,0.8820375335120644,0.22,0.02,0.37027549743652344,True
pi3,LogisticRegression(max_iter=100000),0.88,0.04,1.91,pi1,0.01,0.8706467661691543,0.8731343283582089,0.22,0.12,0.37027549743652344,True
pi4,LogisticRegression(max_iter=100000),0.73,0.04,2.38,pi5,0.02,0.7130242825607064,0.717439293598234,0.26,0.1,0.37027549743652344,True
pi5,LogisticRegression(max_iter=100000),0.72,0.04,2.34,pi4,0.02,0.7333333333333333,0.7291666666666666,0.26,0.0,0.37027549743652344,True
