model_node,model,model_r2,train_time,optimisation_time,test_node,discrepancy,model_r2-d,test_r2,mmd_score,ocsvm_score,asmmd,balanced
pi1,LogisticRegression(max_iter=100000),0.91,0.08,3.06,pi2,0.01,0.9168039538714992,0.9209225700164745,0.07,0.0,0.1140279769897461,False
pi1,LogisticRegression(max_iter=100000),0.91,0.08,3.06,pi3,0.0,0.9100660066006601,0.9125412541254125,0.04,0.0,0.1140279769897461,False
pi2,LogisticRegression(max_iter=100000),0.92,0.07,3.39,pi1,0.01,0.914332784184514,0.9093904448105437,0.07,0.06,0.1140279769897461,False
pi2,LogisticRegression(max_iter=100000),0.92,0.07,3.39,pi3,0.01,0.9125412541254125,0.9125412541254125,0.07,0.98,0.1140279769897461,False
pi3,LogisticRegression(max_iter=100000),0.91,0.04,3.14,pi1,0.0,0.914332784184514,0.9093904448105437,0.04,0.06,0.1140279769897461,False
pi3,LogisticRegression(max_iter=100000),0.91,0.04,3.14,pi2,0.01,0.9209225700164745,0.9209225700164745,0.07,1.0,0.1140279769897461,False
pi1,LogisticRegression(max_iter=100000),0.87,0.06,1.69,pi3,0.0,0.8737113402061856,0.8634020618556701,0.13,0.01,0.25965404510498047,True
pi3,LogisticRegression(max_iter=100000),0.86,0.02,1.82,pi1,0.0,0.8666666666666667,0.8743589743589744,0.13,0.11,0.25965404510498047,True
