model_node,model,model_r2,train_time,optimisation_time,test_node,discrepancy,model_r2-d,test_r2,mmd_score,ocsvm_score,asmmd,balanced
pi2,"LogisticRegression(C=0.01, class_weight='balanced', max_iter=100000,
                   solver='liblinear')",0.84,0.02,2.74,pi3,0.01,0.8532563891178895,0.8606760098928277,0.04,0.99,0.12274932861328125,False
pi3,"LogisticRegression(class_weight='balanced', max_iter=100000)",0.86,0.04,2.62,pi2,0.01,0.8517298187808896,0.8393739703459637,0.04,0.98,0.12274932861328125,False
pi1,LogisticRegression(max_iter=100000),0.84,0.06,1.88,pi2,0.04,0.8808777429467085,0.8620689655172413,0.24,0.01,0.5258229573567709,True
pi1,LogisticRegression(max_iter=100000),0.84,0.06,1.88,pi3,0.07,0.9052924791086351,0.8941504178272981,0.17,0.02,0.5258229573567709,True
pi2,LogisticRegression(max_iter=100000),0.86,0.03,2.03,pi1,0.02,0.8394160583941606,0.8394160583941606,0.24,0.13,0.5258229573567709,True
pi3,LogisticRegression(max_iter=100000),0.89,0.08,1.93,pi1,0.06,0.8369829683698297,0.8394160583941606,0.17,0.15,0.5258229573567709,True
pi4,LogisticRegression(max_iter=100000),0.72,0.04,2.12,pi5,0.02,0.7043010752688172,0.6967741935483871,0.26,0.06,0.5258229573567709,True
pi5,LogisticRegression(max_iter=100000),0.7,0.04,1.85,pi4,0.02,0.7196162046908315,0.7228144989339019,0.26,0.01,0.5258229573567709,True
