model_node,model,model_r2,train_time,optimisation_time,test_node,discrepancy,model_r2-d,test_r2,mmd_score,ocsvm_score,asmmd,balanced
pi1,LogisticRegression(max_iter=100000),0.92,0.04,3.52,pi2,0.01,0.9234567901234568,0.9292181069958848,0.14,0.0,0.16604836781819662,False
pi1,LogisticRegression(max_iter=100000),0.92,0.04,3.52,pi3,0.01,0.9249793899422918,0.9233305853256389,0.04,0.0,0.16604836781819662,False
pi2,LogisticRegression(max_iter=100000),0.93,0.05,3.85,pi1,0.01,0.9158415841584159,0.9158415841584159,0.14,0.04,0.16604836781819662,False
pi3,LogisticRegression(max_iter=100000),0.92,0.1,3.34,pi1,0.01,0.915016501650165,0.9158415841584159,0.04,0.05,0.16604836781819662,False
pi1,LogisticRegression(max_iter=100000),0.89,0.06,1.89,pi3,0.03,0.8619791666666666,0.8671875,0.12,0.01,0.4938468933105469,True
pi3,"LogisticRegression(C=1, max_iter=100000, solver='liblinear')",0.87,0.01,1.89,pi1,0.03,0.8975741239892183,0.8921832884097035,0.12,0.11,0.4938468933105469,True
pi4,LogisticRegression(max_iter=100000),0.7,0.04,2.04,pi5,0.02,0.7195121951219512,0.7195121951219512,0.27,0.09,0.4938468933105469,True
pi5,"LogisticRegression(C=0.01, max_iter=100000)",0.72,0.04,2.14,pi4,0.01,0.7082906857727738,0.7041965199590583,0.27,0.01,0.4938468933105469,True
