model_node,model,model_r2,train_time,optimisation_time,test_node,discrepancy,model_r2-d,test_r2,mmd_score,ocsvm_score,asmmd,balanced
pi2,"LogisticRegression(class_weight='balanced', max_iter=100000)",0.8,0.07,3.16,pi3,0.02,0.8118811881188119,0.8242574257425742,0.05,0.98,0.13118314743041992,False
pi3,"LogisticRegression(class_weight='balanced', max_iter=100000)",0.82,0.06,2.62,pi2,0.02,0.8014827018121911,0.7957166392092258,0.05,0.99,0.13118314743041992,False
pi1,LogisticRegression(max_iter=100000),0.86,0.03,2.15,pi3,0.0,0.8587570621468926,0.864406779661017,0.11,0.01,0.36863962809244794,True
pi3,LogisticRegression(max_iter=100000),0.86,0.04,1.87,pi1,0.01,0.8571428571428571,0.8571428571428571,0.11,0.09,0.36863962809244794,True
pi3,LogisticRegression(max_iter=100000),0.86,0.04,1.87,pi2,0.01,0.850828729281768,0.8453038674033149,0.29,0.97,0.36863962809244794,True
pi2,LogisticRegression(max_iter=100000),0.85,0.05,1.8,pi3,0.01,0.8587570621468926,0.864406779661017,0.29,1.0,0.36863962809244794,True
pi4,LogisticRegression(max_iter=100000),0.73,0.05,2.21,pi5,0.0,0.7310565635005336,0.7310565635005336,0.29,0.11,0.36863962809244794,True
pi5,LogisticRegression(max_iter=100000),0.73,0.04,2.11,pi4,0.0,0.7260692464358453,0.7270875763747454,0.29,0.02,0.36863962809244794,True
