model_node,model,model_r2,train_time,optimisation_time,test_node,discrepancy,model_r2-d,test_r2,mmd_score,ocsvm_score,asmmd,balanced
pi1,"LogisticRegression(C=0.01, class_weight='balanced', max_iter=100000,
                   solver='saga')",0.84,0.06,3.31,pi2,0.03,0.8088962108731467,0.8047775947281713,0.1,0.01,0.10600503285725911,False
pi1,"LogisticRegression(C=0.01, class_weight='balanced', max_iter=100000,
                   solver='saga')",0.84,0.06,3.31,pi3,0.02,0.8145094806265457,0.8474855729596042,0.06,0.0,0.10600503285725911,False
pi2,"LogisticRegression(C=0.01, class_weight='balanced', max_iter=100000,
                   solver='liblinear')",0.8,0.02,6.7,pi1,0.03,0.8320987654320988,0.8395061728395061,0.1,0.07,0.10600503285725911,False
pi3,"LogisticRegression(class_weight='balanced', max_iter=100000)",0.85,0.04,2.46,pi1,0.02,0.8666666666666667,0.8395061728395061,0.06,0.03,0.10600503285725911,False
pi1,LogisticRegression(max_iter=100000),0.88,0.06,1.63,pi3,0.0,0.8886010362694301,0.8860103626943006,0.31,0.01,0.7067419687906901,True
pi3,LogisticRegression(max_iter=100000),0.89,0.02,2.45,pi1,0.02,0.8692307692307693,0.8846153846153846,0.31,0.07,0.7067419687906901,True
pi4,LogisticRegression(max_iter=100000),0.72,0.04,2.31,pi5,0.02,0.7045696068012752,0.7013815090329437,0.27,0.07,0.7067419687906901,True
pi5,LogisticRegression(max_iter=100000),0.7,0.05,2.03,pi4,0.02,0.7174139728884255,0.7205422314911366,0.27,0.01,0.7067419687906901,True
