model_node,model,model_r2,train_time,optimisation_time,test_node,discrepancy,model_r2-d,test_r2,mmd_score,ocsvm_score,asmmd,balanced
pi1,"LogisticRegression(C=0.01, max_iter=100000)",0.92,0.04,3.48,pi3,0.01,0.9291014014839242,0.9266281945589447,0.04,0.01,0.1540074348449707,False
pi3,"LogisticRegression(C=1, max_iter=100000, solver='liblinear')",0.93,0.02,8.1,pi1,0.01,0.9117161716171617,0.9166666666666666,0.04,0.04,0.1540074348449707,False
pi3,"LogisticRegression(C=1, max_iter=100000, solver='liblinear')",0.93,0.02,8.1,pi2,0.01,0.914332784184514,0.9151565074135091,0.13,0.98,0.1540074348449707,False
pi2,LogisticRegression(max_iter=100000),0.92,0.04,3.44,pi3,0.01,0.9274525968672712,0.9266281945589447,0.13,1.0,0.1540074348449707,False
pi1,"LogisticRegression(C=0.01, max_iter=100000, solver='liblinear')",0.87,0.01,1.8,pi3,0.01,0.8689839572192514,0.8796791443850267,0.17,0.01,0.4091944694519043,True
pi3,LogisticRegression(max_iter=100000),0.88,0.04,1.73,pi1,0.01,0.8722358722358723,0.8746928746928747,0.17,0.1,0.4091944694519043,True
pi4,LogisticRegression(max_iter=100000),0.72,0.04,1.98,pi5,0.0,0.7105549510337323,0.7029379760609358,0.26,0.09,0.4091944694519043,True
pi5,LogisticRegression(max_iter=100000),0.7,0.04,1.89,pi4,0.01,0.7134020618556701,0.7154639175257732,0.26,0.01,0.4091944694519043,True
