model_node,model,model_r2,train_time,optimisation_time,test_node,discrepancy,model_r2-d,test_r2,mmd_score,ocsvm_score,asmmd,balanced
pi2,LogisticRegression(max_iter=100000),0.92,0.06,3.67,pi3,0.0,0.9200988467874794,0.9209225700164745,0.06,0.99,0.10902929306030273,False
pi3,LogisticRegression(max_iter=100000),0.92,0.09,3.52,pi2,0.0,0.9183841714756801,0.9183841714756801,0.06,0.97,0.10902929306030273,False
pi2,LogisticRegression(max_iter=100000),0.87,0.03,2.21,pi3,0.0,0.8666666666666667,0.881159420289855,0.41,0.96,0.7340312004089355,True
pi3,LogisticRegression(max_iter=100000),0.88,0.03,2.16,pi2,0.02,0.8657142857142858,0.8685714285714285,0.41,0.95,0.7340312004089355,True
pi4,LogisticRegression(max_iter=100000),0.7,0.04,2.06,pi5,0.01,0.7112299465240641,0.7229946524064171,0.26,0.07,0.7340312004089355,True
pi5,LogisticRegression(max_iter=100000),0.72,0.05,2.11,pi4,0.03,0.6931937172774869,0.6963350785340314,0.26,0.0,0.7340312004089355,True
