model_node,model,model_r2,train_time,optimisation_time,test_node,discrepancy,model_r2-d,test_r2,mmd_score,ocsvm_score,asmmd,balanced
pi1,"LogisticRegression(class_weight='balanced', max_iter=100000)",0.84,0.06,2.45,pi2,0.0,0.8452674897119341,0.8271604938271605,0.15,0.01,0.14000066121419272,False
pi1,"LogisticRegression(class_weight='balanced', max_iter=100000)",0.84,0.06,2.45,pi3,0.0,0.8425391591096455,0.8268755152514426,0.05,0.0,0.14000066121419272,False
pi2,"LogisticRegression(class_weight='balanced', max_iter=100000)",0.83,0.07,3.02,pi1,0.01,0.8130148270181219,0.8434925864909391,0.15,0.08,0.14000066121419272,False
pi3,"LogisticRegression(C=0.01, class_weight='balanced', max_iter=100000,
                   solver='liblinear')",0.83,0.02,2.54,pi1,0.01,0.8212520593080724,0.8434925864909391,0.05,0.04,0.14000066121419272,False
pi1,LogisticRegression(max_iter=100000),0.87,0.03,1.73,pi3,0.0,0.8746736292428199,0.8772845953002611,0.27,0.0,0.4272594451904297,True
pi3,"LogisticRegression(C=0.1, max_iter=100000, solver='liblinear')",0.88,0.01,1.51,pi1,0.0,0.8756345177664975,0.8730964467005076,0.27,0.11,0.4272594451904297,True
pi4,LogisticRegression(max_iter=100000),0.71,0.03,1.95,pi5,0.02,0.728249194414608,0.7336197636949516,0.25,0.11,0.4272594451904297,True
pi5,"LogisticRegression(C=0.01, max_iter=100000)",0.73,0.05,1.89,pi4,0.02,0.7145790554414785,0.7114989733059548,0.25,0.02,0.4272594451904297,True
