model_node,model,model_r2,train_time,optimisation_time,test_node,discrepancy,model_r2-d,test_r2,mmd_score,ocsvm_score,asmmd,balanced
pi1,LogisticRegression(max_iter=100000),0.92,0.04,3.68,pi3,0.01,0.909315746084089,0.9101401483924155,0.03,0.0,0.10902070999145508,False
pi3,LogisticRegression(max_iter=100000),0.91,0.08,3.09,pi1,0.01,0.9234567901234568,0.9242798353909465,0.03,0.04,0.10902070999145508,False
pi3,LogisticRegression(max_iter=100000),0.91,0.08,3.09,pi2,0.01,0.9217462932454695,0.9209225700164745,0.1,0.98,0.10902070999145508,False
pi2,LogisticRegression(max_iter=100000),0.92,0.06,3.15,pi3,0.01,0.9101401483924155,0.9101401483924155,0.1,1.0,0.10902070999145508,False
pi1,LogisticRegression(max_iter=100000),0.88,0.03,2.24,pi3,0.01,0.8734491315136477,0.8784119106699751,0.13,0.01,0.37763309478759766,True
pi3,LogisticRegression(max_iter=100000),0.88,0.02,1.99,pi1,0.0,0.8778625954198473,0.8804071246819338,0.13,0.09,0.37763309478759766,True
pi4,LogisticRegression(max_iter=100000),0.73,0.04,1.96,pi5,0.03,0.7093275488069414,0.7158351409978309,0.28,0.06,0.37763309478759766,True
pi5,LogisticRegression(max_iter=100000),0.72,0.03,1.93,pi4,0.02,0.7344573234984194,0.7344573234984194,0.28,0.01,0.37763309478759766,True
