model_node,model,model_r2,train_time,optimisation_time,test_node,discrepancy,model_r2-d,test_r2,mmd_score,ocsvm_score,asmmd,balanced
pi1,"LogisticRegression(class_weight='balanced', max_iter=100000)",0.84,0.07,2.52,pi2,0.01,0.8318219291014015,0.8367683429513603,0.09,0.01,0.12388547261555989,False
pi1,"LogisticRegression(class_weight='balanced', max_iter=100000)",0.84,0.07,2.52,pi3,0.01,0.8334707337180544,0.832646331409728,0.04,0.0,0.12388547261555989,False
pi2,"LogisticRegression(class_weight='balanced', max_iter=100000)",0.84,0.06,2.76,pi1,0.01,0.8424092409240924,0.8432343234323433,0.09,0.06,0.12388547261555989,False
pi3,"LogisticRegression(class_weight='balanced', max_iter=100000)",0.83,0.06,2.39,pi1,0.01,0.8432343234323433,0.8432343234323433,0.04,0.05,0.12388547261555989,False
pi1,LogisticRegression(max_iter=100000),0.87,0.03,1.79,pi2,0.01,0.8638888888888889,0.8805555555555555,0.41,0.01,0.42450904846191406,True
pi2,"LogisticRegression(C=0.01, max_iter=100000)",0.88,0.05,2.16,pi1,0.01,0.875,0.8702830188679245,0.41,0.11,0.42450904846191406,True
pi4,LogisticRegression(max_iter=100000),0.73,0.04,2.04,pi5,0.01,0.723175965665236,0.7263948497854077,0.24,0.08,0.42450904846191406,True
pi5,LogisticRegression(max_iter=100000),0.73,0.05,1.95,pi4,0.0,0.7256728778467909,0.7329192546583851,0.24,0.01,0.42450904846191406,True
