model_node,model,train_time,optimisation_time,model_r2,test_node,discrepancy,model_r2-d,test_r2,mmd_score,ocsvm_score,asmmd,balanced
pi3,LogisticRegression(max_iter=100000),0.01,0.65,0.94,pi4,0.01,0.9525407478427612,0.9554170661553212,17.25,0.98,22.868245442708332,True
pi4,LogisticRegression(max_iter=100000),0.02,0.56,0.96,pi3,0.02,0.9376797698945349,0.9376797698945349,17.25,0.99,22.868245442708332,True
pi4,LogisticRegression(max_iter=100000),0.02,0.59,0.97,pi5,0.01,0.9594666666666667,0.9589333333333333,22.18,0.98,21.807373046875,False
pi5,LogisticRegression(max_iter=100000),0.01,0.58,0.96,pi4,0.01,0.9696323921150772,0.9696323921150772,22.18,0.96,21.807373046875,False
