model_node,model,train_time,optimisation_time,model_r2,test_node,discrepancy,model_r2-d,test_r2,mmd_score,ocsvm_score,asmmd,balanced
pi2,LogisticRegression(max_iter=100000),0.01,0.75,0.96,pi3,0.01,0.9481268011527377,0.9481268011527377,19.02,0.99,28.135400390625,True
pi3,LogisticRegression(max_iter=100000),0.01,0.62,0.95,pi2,0.01,0.9553314121037464,0.9558117195004803,19.02,0.99,28.135400390625,True
pi2,LogisticRegression(max_iter=100000),0.01,0.86,0.97,pi3,0.0,0.9663641217298452,0.9663641217298452,31.18,1.0,31.12822265625,False
pi3,LogisticRegression(max_iter=100000),0.01,0.74,0.97,pi2,0.0,0.9701333333333333,0.9701333333333333,31.18,0.97,31.12822265625,False
pi3,LogisticRegression(max_iter=100000),0.01,0.74,0.97,pi5,0.01,0.9574014909478168,0.9574014909478168,32.44,0.98,31.12822265625,False
pi5,LogisticRegression(max_iter=100000),0.01,0.76,0.96,pi3,0.01,0.9663641217298452,0.9663641217298452,32.44,0.96,31.12822265625,False
