model_node,model,model_r2,train_time,optimisation_time,test_node,discrepancy,model_r2-d,test_r2,mmd_score,ocsvm_score,asmmd,balanced
pi2,LogisticRegression(max_iter=100000),0.93,0.06,2.76,pi3,0.02,0.9084158415841584,0.9100660066006601,0.06,1.0,0.13668696085611978,False
pi3,LogisticRegression(max_iter=100000),0.91,0.03,3.03,pi2,0.01,0.9233937397034596,0.9250411861614497,0.06,0.97,0.13668696085611978,False
pi2,LogisticRegression(max_iter=100000),0.86,0.03,1.76,pi3,0.01,0.8527131782945736,0.8578811369509044,0.25,0.98,0.5823287963867188,True
pi3,LogisticRegression(max_iter=100000),0.86,0.02,1.93,pi2,0.02,0.8734177215189873,0.8639240506329114,0.25,0.95,0.5823287963867188,True
pi4,LogisticRegression(max_iter=100000),0.71,0.04,1.98,pi5,0.0,0.7105549510337323,0.7007616974972797,0.25,0.09,0.5823287963867188,True
pi5,LogisticRegression(max_iter=100000),0.7,0.02,1.83,pi4,0.01,0.7111801242236024,0.7142857142857143,0.25,0.01,0.5823287963867188,True
