model_node,model,model_r2,train_time,optimisation_time,test_node,discrepancy,model_r2-d,test_r2,mmd_score,ocsvm_score,asmmd,balanced
pi1,LogisticRegression(max_iter=100000),0.92,0.08,3.45,pi3,0.01,0.9142621599340478,0.9192085737840066,0.1,0.0,0.12122694651285808,False
pi3,LogisticRegression(max_iter=100000),0.92,0.04,3.11,pi1,0.0,0.922633744855967,0.922633744855967,0.1,0.05,0.12122694651285808,False
pi3,LogisticRegression(max_iter=100000),0.92,0.04,3.11,pi2,0.0,0.9207920792079208,0.9224422442244224,0.08,0.98,0.12122694651285808,False
pi2,LogisticRegression(max_iter=100000),0.92,0.1,3.49,pi3,0.01,0.9159109645507008,0.9192085737840066,0.08,0.99,0.12122694651285808,False
pi2,LogisticRegression(max_iter=100000),0.87,0.04,2.66,pi3,0.03,0.8413978494623656,0.8440860215053764,0.4,0.99,0.48347997665405273,True
pi3,LogisticRegression(max_iter=100000),0.84,0.03,1.9,pi2,0.04,0.8801089918256131,0.8719346049046321,0.4,0.95,0.48347997665405273,True
pi4,"LogisticRegression(C=0.01, max_iter=100000)",0.69,0.04,2.04,pi5,0.03,0.7231450719822813,0.7231450719822813,0.26,0.08,0.48347997665405273,True
pi5,LogisticRegression(max_iter=100000),0.72,0.04,2.22,pi4,0.03,0.6926272066458983,0.6947040498442367,0.26,0.02,0.48347997665405273,True
