model_node,model,model_r2,train_time,optimisation_time,test_node,discrepancy,model_r2-d,test_r2,mmd_score,ocsvm_score,asmmd,balanced
pi1,"LogisticRegression(class_weight='balanced', max_iter=100000)",0.83,0.08,2.73,pi3,0.0,0.830997526793075,0.8400659521846661,0.03,0.0,0.11845207214355469,False
pi3,"LogisticRegression(class_weight='balanced', max_iter=100000)",0.84,0.08,2.87,pi1,0.0,0.8439306358381503,0.8340214698596201,0.03,0.02,0.11845207214355469,False
pi3,"LogisticRegression(class_weight='balanced', max_iter=100000)",0.84,0.08,2.87,pi2,0.01,0.834983498349835,0.8127062706270627,0.12,0.97,0.11845207214355469,False
pi2,"LogisticRegression(C=0.01, class_weight='balanced', max_iter=100000,
                   solver='liblinear')",0.81,0.02,2.59,pi3,0.0,0.807914262159934,0.8400659521846661,0.12,1.0,0.11845207214355469,False
pi1,LogisticRegression(max_iter=100000),0.86,0.06,1.97,pi3,0.02,0.8389610389610389,0.8337662337662337,0.09,0.0,0.34775670369466144,True
pi3,LogisticRegression(max_iter=100000),0.83,0.07,1.54,pi1,0.02,0.8571428571428571,0.8571428571428571,0.09,0.08,0.34775670369466144,True
pi4,LogisticRegression(max_iter=100000),0.71,0.02,1.86,pi5,0.0,0.7050438596491229,0.7039473684210527,0.3,0.06,0.34775670369466144,True
pi5,LogisticRegression(max_iter=100000),0.7,0.04,2.01,pi4,0.01,0.7135416666666666,0.709375,0.3,0.01,0.34775670369466144,True
