model_node,model,model_r2,train_time,optimisation_time,test_node,discrepancy,model_r2-d,test_r2,mmd_score,ocsvm_score,asmmd,balanced
pi1,"LogisticRegression(C=0.1, max_iter=100000, solver='liblinear')",0.91,0.02,3.05,pi2,0.01,0.9160493827160494,0.9176954732510288,0.1,0.01,0.14865239461263022,False
pi1,"LogisticRegression(C=0.1, max_iter=100000, solver='liblinear')",0.91,0.02,3.05,pi3,0.02,0.9299835255354201,0.9332784184514004,0.15,0.0,0.14865239461263022,False
pi2,LogisticRegression(max_iter=100000),0.92,0.04,3.52,pi1,0.02,0.9018961253091509,0.909315746084089,0.1,0.06,0.14865239461263022,False
pi3,"LogisticRegression(C=0.01, max_iter=100000, solver='saga')",0.93,0.09,3.58,pi1,0.03,0.9043693322341303,0.909315746084089,0.15,0.02,0.14865239461263022,False
pi1,LogisticRegression(max_iter=100000),0.83,0.03,1.96,pi2,0.01,0.8457142857142858,0.8657142857142858,0.43,0.01,0.7030339241027832,True
pi2,"LogisticRegression(C=0.01, max_iter=100000, solver='liblinear')",0.87,0.01,1.63,pi1,0.03,0.8337801608579088,0.8337801608579088,0.43,0.15,0.7030339241027832,True
pi4,LogisticRegression(max_iter=100000),0.71,0.02,1.78,pi5,0.0,0.7113733905579399,0.7242489270386266,0.24,0.09,0.7030339241027832,True
pi5,LogisticRegression(max_iter=100000),0.72,0.04,1.97,pi4,0.01,0.7128099173553719,0.7076446280991735,0.24,0.01,0.7030339241027832,True
