model_node,model,model_r2,train_time,optimisation_time,test_node,discrepancy,model_r2-d,test_r2,mmd_score,ocsvm_score,asmmd,balanced
pi1,"LogisticRegression(C=0.01, class_weight='balanced', max_iter=100000,
                   solver='liblinear')",0.82,0.02,2.56,pi2,0.01,0.8334707337180544,0.8351195383347073,0.11,0.0,0.1296218236287435,False
pi1,"LogisticRegression(C=0.01, class_weight='balanced', max_iter=100000,
                   solver='liblinear')",0.82,0.02,2.56,pi3,0.0,0.8270181219110379,0.8377265238879736,0.1,0.01,0.1296218236287435,False
pi2,"LogisticRegression(class_weight='balanced', max_iter=100000)",0.84,0.04,2.92,pi1,0.01,0.8276999175597691,0.8244023083264633,0.11,0.06,0.1296218236287435,False
pi3,"LogisticRegression(class_weight='balanced', max_iter=100000)",0.84,0.07,3.61,pi1,0.0,0.8359439406430338,0.8244023083264633,0.1,0.06,0.1296218236287435,False
pi1,LogisticRegression(max_iter=100000),0.87,0.07,2.17,pi2,0.01,0.8603988603988604,0.8660968660968661,0.16,0.01,0.7737917900085449,True
pi2,LogisticRegression(max_iter=100000),0.87,0.02,2.85,pi1,0.01,0.8740359897172236,0.8688946015424165,0.16,0.11,0.7737917900085449,True
pi4,"LogisticRegression(C=0.01, max_iter=100000)",0.72,0.05,2.68,pi5,0.01,0.7197382769901853,0.7121046892039259,0.32,0.1,0.7737917900085449,True
pi5,LogisticRegression(max_iter=100000),0.71,0.05,2.33,pi4,0.0,0.7145833333333333,0.725,0.32,0.01,0.7737917900085449,True
