model_node,model,train_time,optimisation_time,model_r2,test_node,discrepancy,model_r2-d,test_r2,mmd_score,ocsvm_score,kernel,experiment,std,asmmd
pi3,"SVR(C=10, epsilon=2)",0.01,0.71,0.48,pi5,0.71,-0.22142393167044339,0.8832633066539091,0.21,1.0,rbf,2,False,0.2033863067626953
pi5,SVR(C=10),0.03,0.55,0.88,pi3,0.92,-0.034477360615808195,0.48433005949063535,0.21,0.57,rbf,2,False,0.2033863067626953
pi3,"SVR(C=0.1, epsilon=1, kernel='linear')",0.01,1.59,0.38,pi5,0.26,0.642783110293095,0.7797137169609806,0.21,1.0,linear,2,False,0.2033863067626953
pi5,"SVR(C=0.1, epsilon=0.5, kernel='linear')",0.01,1.21,0.78,pi3,0.64,0.13895864019631077,0.3790096417288915,0.21,0.57,linear,2,False,0.2033863067626953
pi2,SVR(),0.02,0.29,0.94,pi4,2.37,-1.4263865847539727,0.9857068535004077,0.32,0.32,rbf,3,False,0.3203692138195038
pi4,"SVR(C=10, epsilon=0.5)",0.01,0.3,0.99,pi2,0.18,0.8103737613992483,0.9415347182105553,0.32,0.44,rbf,3,False,0.3203692138195038
pi2,"SVR(C=0.1, kernel='linear')",0.0,0.28,0.94,pi4,0.09,0.8461851722118192,0.983858476486439,0.32,0.32,linear,3,False,0.3203692138195038
pi4,"SVR(C=0.01, kernel='linear')",0.0,0.75,0.98,pi2,0.08,0.904990337980907,0.9384509438404515,0.32,0.44,linear,3,False,0.3203692138195038
