model_node,model,model_r2,train_time,optimisation_time,test_node,discrepancy,model_r2-d,test_r2,mmd_score,ocsvm_score,kernel,experiment,std,asmmd
pi2,SVR(C=10),0.99,0.2,3.49,pi4,0.09,0.9039639828907786,0.9546219689124609,0.16,0.55,rbf,1,False,0.16020412743091583
pi4,"SVR(C=10, epsilon=1)",0.95,0.1,4.5,pi2,0.03,0.9270987797109721,0.9920481417884938,0.16,0.86,rbf,1,False,0.16020412743091583
pi2,"SVR(C=0.1, epsilon=0.5, kernel='linear')",0.99,0.09,32.58,pi4,0.07,0.9191170501224952,0.9183292865915771,0.16,0.55,linear,1,False,0.16020412743091583
pi4,"SVR(C=1, epsilon=1, kernel='linear')",0.92,0.19,35.71,pi2,0.07,0.9870768936244666,0.9901716591364365,0.16,0.86,linear,1,False,0.16020412743091583
pi2,"SVR(C=10, epsilon=5)",0.34,0.02,2.81,pi4,0.46,-0.12185308679683193,0.5226381673366076,0.21,0.3,rbf,2,False,0.21310192346572876
pi4,"SVR(C=10, epsilon=1)",0.52,0.07,3.88,pi2,1.1,-0.5807672819480498,0.33553641831175085,0.21,0.8,rbf,2,False,0.21310192346572876
pi2,"SVR(C=10, epsilon=2, kernel='linear')",0.21,0.13,5.1,pi4,0.48,-0.27406962004730717,0.06282952598784108,0.21,0.3,linear,2,False,0.21310192346572876
pi4,"SVR(C=10, epsilon=2, kernel='linear')",0.06,0.23,4.57,pi2,0.08,0.1469455291824271,0.2075408539513075,0.21,0.8,linear,2,False,0.21310192346572876
