model_node,model,model_r2,train_time,optimisation_time,test_node,discrepancy,model_r2-d,test_r2,mmd_score,ocsvm_score,kernel,experiment,std,asmmd
pi2,"SVR(C=10, epsilon=0.5)",0.99,0.12,4.45,pi4,0.06,0.9252936471715195,0.9653462356276086,0.12,0.71,rbf,1,False,0.12020134925842285
pi4,"SVR(C=10, epsilon=0.5)",0.97,0.17,4.53,pi2,0.03,0.940154948672486,0.9890620790592144,0.12,0.92,rbf,1,False,0.12020134925842285
pi2,"SVR(C=0.1, epsilon=0.5, kernel='linear')",0.99,0.11,26.35,pi4,0.04,0.9467002783521413,0.9494999570544216,0.12,0.71,linear,1,False,0.12020134925842285
pi4,"SVR(C=0.01, epsilon=1, kernel='linear')",0.95,0.03,34.45,pi2,0.02,0.9722007370573292,0.9851167042096467,0.12,0.92,linear,1,False,0.12020134925842285
pi2,"SVR(C=10, epsilon=2)",0.27,0.03,2.82,pi4,0.14,0.1296878299252947,0.5115231351939238,0.19,0.5,rbf,2,False,0.21862241625785828
pi4,"SVR(C=1, epsilon=1)",0.51,0.08,3.74,pi2,1.13,-0.6139787792841223,0.2745137965338569,0.19,0.75,rbf,2,False,0.21862241625785828
pi2,"SVR(C=10, epsilon=1, kernel='linear')",0.22,0.1,4.88,pi4,0.26,-0.03925058440899343,0.10678546811976264,0.19,0.5,linear,2,False,0.21862241625785828
pi4,"SVR(C=0.01, epsilon=2, kernel='linear')",0.11,0.05,4.38,pi2,0.09,0.19345551193323351,0.22484713408403567,0.19,0.75,linear,2,False,0.21862241625785828
