model_node,model,model_r2,train_time,optimisation_time,test_node,discrepancy,model_r2-d,test_r2,mmd_score,ocsvm_score,kernel,experiment,std,asmmd
pi2,SVR(C=10),0.99,0.05,1.82,pi4,0.09,0.8985001286281232,0.9635805651831311,0.15,0.48,rbf,1,False,0.14756612479686737
pi4,"SVR(C=10, epsilon=1)",0.96,0.02,1.88,pi2,0.04,0.9246141344040639,0.991774565693123,0.15,0.84,rbf,1,False,0.14756612479686737
pi2,"SVR(C=10, epsilon=0.5, kernel='linear')",0.99,0.88,9.79,pi4,0.07,0.9223595458915245,0.9214044418652877,0.15,0.48,linear,1,False,0.14756612479686737
pi4,"SVR(C=0.01, epsilon=1, kernel='linear')",0.92,0.02,14.27,pi2,0.06,0.9777046134163125,0.9888665461221772,0.15,0.84,linear,1,False,0.14756612479686737
pi3,"SVR(C=10, epsilon=2)",0.58,0.03,1.55,pi5,1.44,-0.856788360782986,0.8528856361593706,0.23,1.0,rbf,2,False,0.221360981464386
pi5,SVR(),0.85,0.04,1.05,pi3,0.98,-0.12808370293828952,0.5809465353604656,0.23,0.35,rbf,2,False,0.221360981464386
pi3,"SVR(C=1, epsilon=2, kernel='linear')",0.43,0.01,2.54,pi5,0.1,0.5308238055746692,0.7218237603569787,0.23,1.0,linear,2,False,0.221360981464386
pi5,"SVR(C=0.1, epsilon=0.5, kernel='linear')",0.72,0.03,2.62,pi3,0.39,0.3308569476852006,0.4262410279005364,0.23,0.35,linear,2,False,0.221360981464386
