model_node,model,model_r2,train_time,optimisation_time,test_node,discrepancy,model_r2-d,test_r2,mmd_score,ocsvm_score,kernel,experiment,std,asmmd
pi2,"SVR(C=10, epsilon=0.5)",0.99,0.12,3.89,pi4,0.1,0.8892859176927439,0.9591103949823567,0.17,0.6,rbf,1,False,0.16245609521865845
pi4,"SVR(C=10, epsilon=0.5)",0.96,0.12,4.77,pi2,0.01,0.950531357557795,0.990982273300719,0.17,0.89,rbf,1,False,0.16245609521865845
pi2,"SVR(C=10, epsilon=0.5, kernel='linear')",0.99,2.39,26.62,pi4,0.07,0.92154216549683,0.9193149618536398,0.17,0.6,linear,1,False,0.16245609521865845
pi4,"SVR(C=10, epsilon=1, kernel='linear')",0.92,0.71,39.1,pi2,0.06,0.9811354357800344,0.9889980587270573,0.17,0.89,linear,1,False,0.16245609521865845
pi2,"SVR(C=10, epsilon=5)",0.34,0.02,2.96,pi4,0.54,-0.2035727587114875,0.5895594402436068,0.22,0.34,rbf,2,False,0.2429356873035431
pi4,"SVR(C=1, epsilon=1)",0.59,0.07,3.25,pi2,0.8,-0.21528997014373363,0.3385078301480585,0.22,0.71,rbf,2,False,0.2429356873035431
pi2,"SVR(C=10, epsilon=2, kernel='linear')",0.2,0.14,6.13,pi4,0.65,-0.4444840954027949,0.09004617967676165,0.22,0.34,linear,2,False,0.2429356873035431
pi4,"SVR(C=1, epsilon=2, kernel='linear')",0.09,0.07,4.49,pi2,0.08,0.16878523060823647,0.2007805332125533,0.22,0.71,linear,2,False,0.2429356873035431
