model_node,model,model_r2,train_time,optimisation_time,test_node,discrepancy,model_r2-d,test_r2,mmd_score,ocsvm_score,kernel,experiment,std,asmmd
pi3,"SVR(C=10, epsilon=2)",0.51,0.03,2.74,pi5,1.42,-0.9075315617358819,0.4672011384088117,0.2,1.0,rbf,2,False,0.19637882709503174
pi5,"SVR(C=10, epsilon=0.5)",0.47,0.07,2.02,pi3,0.54,-0.06802811238091788,0.5109259416473939,0.2,0.54,rbf,2,False,0.19637882709503174
pi3,"SVR(C=0.01, epsilon=2, kernel='linear')",0.36,0.01,6.7,pi5,0.15,0.21165013627305795,0.3697188672386025,0.2,1.0,linear,2,False,0.19637882709503174
pi5,SVR(kernel='linear'),0.37,0.11,4.72,pi3,0.16,0.2056156752654138,0.36151234012208067,0.2,0.54,linear,2,False,0.19637882709503174
pi2,SVR(),0.92,0.04,0.96,pi4,2.25,-1.3292120596371082,0.987502054625062,0.3,0.3,rbf,3,False,0.3049560487270355
pi4,SVR(C=10),0.99,0.04,1.26,pi2,0.42,0.567482056380311,0.9247338181576787,0.3,0.5,rbf,3,False,0.3049560487270355
pi2,"SVR(C=10, kernel='linear')",0.92,0.04,0.95,pi4,0.08,0.8404582008176439,0.9847296016461183,0.3,0.3,linear,3,False,0.3049560487270355
pi4,SVR(kernel='linear'),0.98,0.05,3.77,pi2,0.1,0.8803891253155143,0.9169974909911087,0.3,0.5,linear,3,False,0.3049560487270355
