model_node,model,model_r2,train_time,optimisation_time,test_node,discrepancy,model_r2-d,test_r2,mmd_score,ocsvm_score,kernel,experiment,std,asmmd
pi2,"SVR(C=10, epsilon=2)",0.27,0.03,2.9,pi4,0.12,0.1487620397152979,0.46320109466005654,0.2,0.3,rbf,2,False,0.23238331079483032
pi4,"SVR(C=10, epsilon=1)",0.46,0.08,3.56,pi2,1.13,-0.6666007110766872,0.2652967818164542,0.2,0.79,rbf,2,False,0.23238331079483032
pi2,"SVR(C=10, epsilon=1, kernel='linear')",0.21,0.12,4.98,pi4,0.23,-0.027742580040363674,0.07586345441080744,0.2,0.3,linear,2,False,0.23238331079483032
pi4,"SVR(C=10, epsilon=2, kernel='linear')",0.08,0.18,4.44,pi2,0.12,0.19296499928923005,0.2057606887260477,0.2,0.79,linear,2,False,0.23238331079483032
pi2,SVR(),0.94,0.05,1.05,pi4,2.58,-1.6438698324756453,0.9890590297603296,0.34,0.3,rbf,3,False,0.3385092616081238
pi4,SVR(C=10),0.99,0.04,1.13,pi2,1.12,-0.13394174735961584,0.9384607671615552,0.34,0.44,rbf,3,False,0.3385092616081238
pi2,"SVR(C=0.1, epsilon=0.5, kernel='linear')",0.94,0.01,1.32,pi4,0.0,0.9359951788975254,0.9861083937751701,0.34,0.3,linear,3,False,0.3385092616081238
pi4,SVR(kernel='linear'),0.99,0.08,3.46,pi2,0.11,0.8757252381186194,0.9387703365239574,0.34,0.44,linear,3,False,0.3385092616081238
