model_node,model,model_r2,train_time,optimisation_time,test_node,discrepancy,model_r2-d,test_r2,mmd_score,ocsvm_score,kernel,experiment,std,asmmd
pi2,"SVR(C=10, epsilon=5)",0.32,0.02,3.16,pi4,0.36,-0.03760265924221495,0.4249030373092365,0.23,0.3,rbf,2,False,0.23183199763298035
pi4,"SVR(C=10, epsilon=2)",0.42,0.07,3.56,pi2,0.99,-0.5630364203831437,0.31978983901496094,0.23,0.77,rbf,2,False,0.23183199763298035
pi3,SVR(),0.67,0.13,3.33,pi5,0.24,0.43395915532578466,0.8680917751002122,0.24,1.0,rbf,2,False,0.23183199763298035
pi5,SVR(),0.87,0.11,2.22,pi3,1.34,-0.4708134038984766,0.6705003502317503,0.24,0.28,rbf,2,False,0.23183199763298035
pi2,"SVR(C=0.01, epsilon=1, kernel='linear')",0.2,0.03,5.33,pi4,0.36,-0.15654176946083243,0.04623020685997392,0.23,0.3,linear,2,False,0.23183199763298035
pi4,"SVR(C=10, epsilon=1, kernel='linear')",0.05,0.16,4.52,pi2,0.12,0.16833815472607327,0.20030372410100805,0.23,0.77,linear,2,False,0.23183199763298035
pi3,"SVR(C=1, epsilon=1, kernel='linear')",0.58,0.07,5.44,pi5,0.1,0.6784464002700632,0.7518626732504563,0.24,1.0,linear,2,False,0.23183199763298035
pi5,"SVR(C=10, epsilon=1, kernel='linear')",0.75,0.07,4.79,pi3,0.44,0.31096087129143357,0.5764489479406898,0.24,0.28,linear,2,False,0.23183199763298035
