model_node,model,model_r2,train_time,optimisation_time,test_node,discrepancy,model_r2-d,test_r2,mmd_score,ocsvm_score,kernel,experiment,std,asmmd
pi2,"SVR(C=10, epsilon=5)",0.34,0.02,2.73,pi4,0.54,-0.20464674816601236,0.5677211248001617,0.2,0.3,rbf,2,False,0.22543397545814514
pi4,"SVR(C=10, epsilon=1)",0.57,0.07,3.26,pi2,0.9,-0.33383413500148196,0.33744412846006067,0.2,0.79,rbf,2,False,0.22543397545814514
pi2,"SVR(C=0.1, epsilon=2, kernel='linear')",0.21,0.02,4.99,pi4,0.66,-0.45689748802401,0.12338586561552378,0.2,0.3,linear,2,False,0.22543397545814514
pi4,"SVR(C=0.1, epsilon=5, kernel='linear')",0.12,0.02,3.9,pi2,0.04,0.1649993800910572,0.20630648687374387,0.2,0.79,linear,2,False,0.22543397545814514
pi2,SVR(),0.94,0.05,0.99,pi4,2.4,-1.4682926937064407,0.9889555490885682,0.34,0.33,rbf,3,False,0.33205646276474
pi4,"SVR(C=10, epsilon=0.5)",0.99,0.02,1.15,pi2,0.13,0.8604308275675983,0.9362916470507983,0.34,0.44,rbf,3,False,0.33205646276474
pi2,"SVR(C=0.01, kernel='linear')",0.93,0.02,1.25,pi4,0.01,0.9210963471414346,0.9873547064243544,0.34,0.33,linear,3,False,0.33205646276474
pi4,SVR(kernel='linear'),0.99,0.04,2.86,pi2,0.08,0.9059858649066277,0.9342424982440564,0.34,0.44,linear,3,False,0.33205646276474
