model_node,model,model_r2,train_time,optimisation_time,test_node,discrepancy,model_r2-d,test_r2,mmd_score,ocsvm_score,kernel,experiment,std,asmmd
pi2,"SVR(C=10, epsilon=5)",0.33,0.01,1.44,pi4,0.56,-0.22904440920186242,0.5350964791885439,0.22,0.32,rbf,2,False,0.2319883108139038
pi4,"SVR(C=10, epsilon=2)",0.54,0.03,1.58,pi2,0.69,-0.15318989720023213,0.3321076939225104,0.22,0.74,rbf,2,False,0.2319883108139038
pi2,"SVR(C=0.1, epsilon=1, kernel='linear')",0.2,0.01,2.51,pi4,0.3,-0.10235416220202231,0.07984817020984059,0.22,0.32,linear,2,False,0.2319883108139038
pi4,"SVR(C=0.1, epsilon=2, kernel='linear')",0.08,0.02,2.01,pi2,0.11,0.18495590066457934,0.19544494412974545,0.22,0.74,linear,2,False,0.2319883108139038
pi2,SVR(),0.94,0.03,0.5,pi4,2.76,-1.8255945921191619,0.9882285171429925,0.34,0.27,rbf,3,False,0.3428030014038086
pi4,SVR(C=10),0.99,0.02,0.57,pi2,0.78,0.21191048990399797,0.9383130747393802,0.34,0.45,rbf,3,False,0.3428030014038086
pi2,"SVR(C=0.01, kernel='linear')",0.94,0.01,0.61,pi4,0.04,0.8949974749632489,0.9832393331498541,0.34,0.27,linear,3,False,0.3428030014038086
pi4,SVR(kernel='linear'),0.98,0.03,1.7,pi2,0.08,0.9057410688691698,0.9357121995831101,0.34,0.45,linear,3,False,0.3428030014038086
