model_node,model,model_r2,train_time,optimisation_time,test_node,discrepancy,model_r2-d,test_r2,mmd_score,ocsvm_score,kernel,experiment,std,asmmd
pi3,"SVR(C=1, epsilon=2)",0.51,0.03,2.64,pi5,1.23,-0.7176376295367604,0.5997069204574619,0.19,1.0,rbf,2,False,0.19668036699295044
pi5,"SVR(C=1, epsilon=0.5)",0.6,0.05,1.84,pi3,0.69,-0.08531239698426418,0.5077218512024553,0.19,0.57,rbf,2,False,0.19668036699295044
pi3,"SVR(C=1, epsilon=2, kernel='linear')",0.36,0.04,6.87,pi5,0.02,0.34199960014432773,0.5122635083356492,0.19,1.0,linear,2,False,0.19668036699295044
pi5,"SVR(C=0.1, kernel='linear')",0.51,0.07,3.94,pi3,0.24,0.26815985617737126,0.36352114916560185,0.19,0.57,linear,2,False,0.19668036699295044
pi2,SVR(C=10),0.94,0.04,0.98,pi4,2.87,-1.9290205248814107,0.9857224481476723,0.34,0.3,rbf,3,False,0.3413785696029663
pi4,"SVR(C=10, epsilon=0.5)",0.99,0.03,1.14,pi2,0.2,0.7846432437303535,0.9421576272471281,0.34,0.43,rbf,3,False,0.3413785696029663
pi2,"SVR(C=0.01, kernel='linear')",0.94,0.02,1.13,pi4,0.02,0.9179568825971798,0.9843129325707254,0.34,0.3,linear,3,False,0.3413785696029663
pi4,SVR(kernel='linear'),0.98,0.09,3.47,pi2,0.07,0.915112703534725,0.9425985583824785,0.34,0.43,linear,3,False,0.3413785696029663
