model_node,model,model_r2,train_time,optimisation_time,test_node,discrepancy,model_r2-d,test_r2,mmd_score,ocsvm_score,kernel,experiment,std,asmmd
pi3,"SVR(C=1, epsilon=2)",0.52,0.03,2.55,pi5,0.99,-0.4672038395362712,0.26612272018690775,0.21,0.97,rbf,2,False,0.19994717836380005
pi5,"SVR(C=10, epsilon=0.5)",0.27,0.07,2.2,pi3,0.6,-0.3314702579307245,0.5228916996725084,0.21,0.53,rbf,2,False,0.19994717836380005
pi3,"SVR(C=10, epsilon=2, kernel='linear')",0.37,0.13,6.65,pi5,0.22,0.1477803519985842,0.19091386296033475,0.21,0.97,linear,2,False,0.19994717836380005
pi5,"SVR(C=0.01, kernel='linear')",0.19,0.06,4.96,pi3,0.09,0.2772711973968658,0.3719832075341477,0.21,0.53,linear,2,False,0.19994717836380005
pi2,SVR(C=10),0.93,0.05,1.16,pi4,2.38,-1.4504765997031104,0.9882349444946129,0.32,0.36,rbf,3,False,0.3297320008277893
pi4,"SVR(C=10, epsilon=0.5)",0.99,0.03,1.19,pi2,0.14,0.8461667894956647,0.9322254764016821,0.32,0.44,rbf,3,False,0.3297320008277893
pi2,"SVR(C=0.01, kernel='linear')",0.93,0.04,1.32,pi4,0.0,0.9366975744156314,0.9867944347929185,0.32,0.36,linear,3,False,0.3297320008277893
pi4,SVR(kernel='linear'),0.99,0.07,3.21,pi2,0.09,0.8982180615110089,0.9344062306375872,0.32,0.44,linear,3,False,0.3297320008277893
