model_node,model,model_r2,train_time,optimisation_time,test_node,discrepancy,model_r2-d,test_r2,mmd_score,ocsvm_score,kernel,experiment,std,asmmd
pi2,"SVR(C=10, epsilon=2)",0.3,0.02,1.52,pi4,0.17,0.12334939199879347,0.5857749943927166,0.21,0.48,rbf,2,False,0.2274070680141449
pi4,"SVR(C=10, epsilon=2)",0.59,0.03,1.58,pi2,1.3,-0.7132524963525679,0.29672487792722035,0.21,0.79,rbf,2,False,0.2274070680141449
pi2,"SVR(C=10, epsilon=1, kernel='linear')",0.22,0.06,2.66,pi4,0.37,-0.1532826579267712,0.11157652628091752,0.21,0.48,linear,2,False,0.2274070680141449
pi4,"SVR(C=10, epsilon=2, kernel='linear')",0.11,0.11,2.23,pi2,0.08,0.18957833627331833,0.22140123397792055,0.21,0.79,linear,2,False,0.2274070680141449
pi2,SVR(C=10),0.94,0.03,0.61,pi4,3.15,-2.2059460513655313,0.98726483500166,0.31,0.32,rbf,3,False,0.3163435161113739
pi4,SVR(C=10),0.99,0.02,0.58,pi2,0.36,0.6303325656182974,0.9433819401027117,0.31,0.46,rbf,3,False,0.3163435161113739
pi2,"SVR(C=10, kernel='linear')",0.94,0.05,0.7,pi4,0.04,0.8987023149207627,0.9815354444845459,0.31,0.32,linear,3,False,0.3163435161113739
pi4,"SVR(C=10, kernel='linear')",0.98,0.14,1.42,pi2,0.07,0.9152581009224269,0.9417394581094246,0.31,0.46,linear,3,False,0.3163435161113739
