model_node,model,train_time,optimisation_time,model_r2,test_node,discrepancy,model_r2-d,test_r2,mmd_score,ocsvm_score,asmmd,balanced
pi3,LogisticRegression(max_iter=100000),0.02,0.76,0.95,pi5,0.01,0.9390595009596929,0.9390595009596929,23.95,0.98,25.509033203125,True
pi5,LogisticRegression(max_iter=100000),0.01,0.64,0.94,pi3,0.01,0.9539347408829175,0.9539347408829175,23.95,1.0,25.509033203125,True
pi3,LogisticRegression(max_iter=100000),0.02,0.75,0.97,pi5,0.01,0.9562199679658302,0.9556860651361452,20.77,0.97,35.200439453125,False
pi5,LogisticRegression(max_iter=100000),0.01,0.56,0.96,pi3,0.01,0.9691325172964342,0.9686003193187865,20.77,0.99,35.200439453125,False
