model_node,model,train_time,optimisation_time,model_r2,test_node,discrepancy,model_r2-d,test_r2,mmd_score,ocsvm_score,asmmd,balanced
pi2,LogisticRegression(max_iter=100000),0.02,0.71,0.97,pi3,0.0,0.9674840085287847,0.9674840085287847,13.56,0.99,17.958984375,False
pi3,LogisticRegression(max_iter=100000),0.01,0.67,0.97,pi2,0.0,0.968,0.968,13.56,0.98,17.958984375,False
pi4,LogisticRegression(max_iter=100000),0.01,0.61,0.96,pi5,0.0,0.9642666666666667,0.9642666666666667,16.2,0.97,17.958984375,False
pi5,LogisticRegression(max_iter=100000),0.02,0.61,0.96,pi4,0.0,0.964247598719317,0.964247598719317,16.2,0.97,17.958984375,False
