model_node,model,train_time,optimisation_time,model_r2,test_node,discrepancy,model_r2-d,test_r2,mmd_score,ocsvm_score,asmmd,balanced
pi3,LogisticRegression(max_iter=100000),0.02,0.66,0.95,pi5,0.0,0.9467370441458733,0.9419385796545106,11.44,0.98,11.80859375,True
pi5,LogisticRegression(max_iter=100000),0.01,0.72,0.94,pi3,0.0,0.9448176583493282,0.9457773512476008,11.44,1.0,11.80859375,True
pi3,LogisticRegression(max_iter=100000),0.02,0.75,0.96,pi5,0.0,0.9620928990923652,0.9631607047517352,17.2,0.98,23.586669921875,False
pi5,"LogisticRegression(C=0.01, max_iter=100000)",0.01,0.64,0.96,pi3,0.0,0.9632,0.9632,17.2,0.99,23.586669921875,False
