model_node,model,train_time,optimisation_time,model_r2,test_node,discrepancy,model_r2-d,test_r2,mmd_score,ocsvm_score,asmmd,balanced
pi2,LogisticRegression(max_iter=100000),0.01,0.64,0.97,pi4,0.0,0.9648375066595631,0.9648375066595631,16.6,0.99,18.64105902777778,False
pi4,LogisticRegression(max_iter=100000),0.02,0.63,0.96,pi2,0.0,0.9669509594882729,0.9685501066098081,16.6,0.98,18.64105902777778,False
pi3,LogisticRegression(max_iter=100000),0.01,0.57,0.96,pi5,0.01,0.9658302189001602,0.9647624132407902,19.18,0.98,18.64105902777778,False
pi5,LogisticRegression(max_iter=100000),0.01,0.66,0.96,pi3,0.01,0.9595098561534363,0.9605753862546617,19.18,0.97,18.64105902777778,False
