model_node,model,train_time,optimisation_time,model_r2,test_node,discrepancy,model_r2-d,test_r2,mmd_score,ocsvm_score,asmmd,balanced
pi4,LogisticRegression(max_iter=100000),0.01,0.81,0.95,pi5,0.01,0.942390782525204,0.9409505520883341,13.81,0.98,13.5677734375,True
pi5,LogisticRegression(max_iter=100000),0.01,0.72,0.94,pi4,0.01,0.9505283381364072,0.9510086455331412,13.81,0.97,13.5677734375,True
pi2,LogisticRegression(max_iter=100000),0.01,0.68,0.97,pi4,0.01,0.9637526652452025,0.9637526652452025,17.38,0.97,20.3837890625,False
pi4,LogisticRegression(max_iter=100000),0.01,0.59,0.96,pi2,0.01,0.9707291112293773,0.971261309207025,17.38,0.98,20.3837890625,False
pi4,LogisticRegression(max_iter=100000),0.01,0.59,0.96,pi5,0.0,0.9604700854700855,0.9604700854700855,19.2,0.98,20.3837890625,False
pi5,LogisticRegression(max_iter=100000),0.02,0.62,0.96,pi4,0.0,0.9637526652452025,0.9637526652452025,19.2,0.97,20.3837890625,False
