model_node,model,model_r2,train_time,optimisation_time,test_node,discrepancy,model_r2-d,test_r2,mmd_score,ocsvm_score,asmmd,balanced
pi2,LogisticRegression(max_iter=100000),0.98,0.06,3.36,pi5,0.01,0.991421568627451,0.991421568627451,128.38,0.97,138.96623883928572,True
pi5,LogisticRegression(max_iter=100000),0.99,0.05,9.65,pi2,0.01,0.9779411764705882,0.9779411764705882,128.38,1.0,138.96623883928572,True
pi2,LogisticRegression(max_iter=100000),0.99,0.07,2.79,pi5,0.01,0.9959128065395095,0.9959128065395095,143.85,0.95,155.9403831845238,False
pi5,LogisticRegression(max_iter=100000),1.0,0.1,8.52,pi2,0.01,0.9850543478260869,0.9850543478260869,143.85,0.98,155.9403831845238,False
