model_node,model,train_time,optimisation_time,model_r2,test_node,discrepancy,model_r2-d,test_r2,mmd_score,ocsvm_score,asmmd,balanced
pi2,LogisticRegression(max_iter=100000),0.01,0.68,0.95,pi3,0.01,0.946257197696737,0.9486564299424184,17.34,0.98,30.84716796875,True
pi3,LogisticRegression(max_iter=100000),0.01,0.65,0.95,pi2,0.01,0.9539568345323741,0.9534772182254196,17.34,0.98,30.84716796875,True
pi2,LogisticRegression(max_iter=100000),0.01,0.55,0.97,pi3,0.0,0.9642857142857143,0.9658848614072495,31.12,0.99,33.221400669642854,False
pi3,LogisticRegression(max_iter=100000),0.01,0.56,0.97,pi2,0.0,0.9664358018114012,0.9664358018114012,31.12,0.96,33.221400669642854,False
pi3,LogisticRegression(max_iter=100000),0.01,0.56,0.97,pi5,0.0,0.965793693212186,0.965793693212186,25.38,0.97,33.221400669642854,False
pi5,LogisticRegression(max_iter=100000),0.01,0.55,0.97,pi3,0.0,0.964818763326226,0.9658848614072495,25.38,0.97,33.221400669642854,False
