model_node,model,train_time,optimisation_time,model_r2,test_node,discrepancy,model_r2-d,test_r2,mmd_score,ocsvm_score,asmmd,balanced
pi2,LogisticRegression(max_iter=100000),0.01,0.91,0.95,pi4,0.0,0.951581975071908,0.951581975071908,16.22,0.98,17.5666015625,True
pi4,LogisticRegression(max_iter=100000),0.01,1.07,0.95,pi2,0.0,0.9500720115218435,0.9500720115218435,16.22,0.98,17.5666015625,True
pi4,LogisticRegression(max_iter=100000),0.01,1.07,0.95,pi3,0.0,0.9538904899135446,0.9558117195004803,17.53,0.98,17.5666015625,True
pi3,LogisticRegression(max_iter=100000),0.01,0.92,0.96,pi4,0.0,0.951581975071908,0.951581975071908,17.53,0.98,17.5666015625,True
