model_node,model,train_time,optimisation_time,model_r2,test_node,discrepancy,model_r2-d,test_r2,mmd_score,ocsvm_score,asmmd,balanced
pi2,LogisticRegression(max_iter=100000),0.01,0.72,0.96,pi4,0.01,0.9519923187710033,0.9519923187710033,15.59,0.99,23.138151041666667,True
pi4,LogisticRegression(max_iter=100000),0.01,0.61,0.95,pi2,0.01,0.9601536245799328,0.9601536245799328,15.59,0.99,23.138151041666667,True
pi3,LogisticRegression(max_iter=100000),0.02,0.75,0.95,pi5,0.01,0.9510321651464234,0.9515122419587134,14.51,0.98,23.138151041666667,True
pi5,LogisticRegression(max_iter=100000),0.02,0.81,0.95,pi3,0.01,0.9462829736211031,0.9453237410071943,14.51,0.98,23.138151041666667,True
pi3,LogisticRegression(max_iter=100000),0.02,0.6,0.96,pi5,0.01,0.9706666666666667,0.9706666666666667,15.59,0.98,22.703391335227273,False
pi5,LogisticRegression(max_iter=100000),0.01,0.56,0.97,pi3,0.01,0.964818763326226,0.9637526652452025,15.59,0.98,22.703391335227273,False
