model_node,model,train_time,optimisation_time,model_r2,test_node,discrepancy,model_r2-d,test_r2,mmd_score,ocsvm_score,asmmd,balanced
pi3,LogisticRegression(max_iter=100000),0.01,0.8,0.94,pi4,0.01,0.9539126260201632,0.9510321651464234,9.79,0.97,27.271240234375,True
pi4,LogisticRegression(max_iter=100000),0.01,0.79,0.95,pi3,0.01,0.9400479616306955,0.943884892086331,9.79,0.99,27.271240234375,True
pi2,LogisticRegression(max_iter=100000),0.02,0.63,0.97,pi4,0.0,0.9658119658119658,0.9658119658119658,39.37,0.99,39.91195913461539,False
pi4,LogisticRegression(max_iter=100000),0.01,0.62,0.97,pi2,0.0,0.9621535181236673,0.9664179104477612,39.37,0.97,39.91195913461539,False
pi4,LogisticRegression(max_iter=100000),0.01,0.62,0.97,pi3,0.01,0.958444326052211,0.9589770911028237,18.03,1.0,39.91195913461539,False
pi3,LogisticRegression(max_iter=100000),0.01,0.58,0.96,pi4,0.01,0.9658119658119658,0.9658119658119658,18.03,0.98,39.91195913461539,False
