model_node,model,train_time,optimisation_time,model_r2,test_node,discrepancy,model_r2-d,test_r2,mmd_score,ocsvm_score,asmmd,balanced
pi2,LogisticRegression(max_iter=100000),0.02,1.12,0.95,pi4,0.0,0.9559175850503114,0.9549592716818399,8.94,0.99,11.8724609375,True
pi4,LogisticRegression(max_iter=100000),0.02,0.83,0.95,pi2,0.0,0.9524952015355086,0.9544145873320538,8.94,0.99,11.8724609375,True
pi2,LogisticRegression(max_iter=100000),0.02,0.85,0.97,pi4,0.0,0.9696485623003195,0.9696485623003195,14.09,0.98,17.0478515625,False
pi4,LogisticRegression(max_iter=100000),0.02,0.79,0.97,pi2,0.0,0.9674319273892151,0.9674319273892151,14.09,0.99,17.0478515625,False
