model_node,model,train_time,optimisation_time,model_r2,test_node,discrepancy,model_r2-d,test_r2,mmd_score,ocsvm_score,asmmd,balanced
pi3,LogisticRegression(max_iter=100000),0.02,0.79,0.95,pi4,0.0,0.9558541266794626,0.9539347408829175,9.82,0.97,22.57470703125,True
pi4,LogisticRegression(max_iter=100000),0.02,0.79,0.95,pi3,0.01,0.9486071085494716,0.9514889529298751,9.82,0.98,22.57470703125,True
pi3,LogisticRegression(max_iter=100000),0.01,0.61,0.97,pi4,0.01,0.9722370528563802,0.9722370528563802,18.91,0.97,21.552734375,False
pi3,LogisticRegression(max_iter=100000),0.01,0.61,0.97,pi5,0.01,0.9578666666666666,0.9584,18.84,0.98,21.552734375,False
pi4,LogisticRegression(max_iter=100000),0.02,0.6,0.97,pi3,0.01,0.9658484525080042,0.9653148345784418,18.91,0.99,21.552734375,False
pi4,LogisticRegression(max_iter=100000),0.02,0.6,0.97,pi5,0.01,0.9584,0.9584,17.7,0.98,21.552734375,False
pi5,LogisticRegression(max_iter=100000),0.01,0.56,0.96,pi3,0.01,0.9658484525080042,0.9653148345784418,18.84,0.97,21.552734375,False
pi5,LogisticRegression(max_iter=100000),0.01,0.56,0.96,pi4,0.01,0.9722370528563802,0.9722370528563802,17.7,0.95,21.552734375,False
