model_node,model,train_time,optimisation_time,model_r2,test_node,discrepancy,model_r2-d,test_r2,mmd_score,ocsvm_score,asmmd,balanced
pi2,LogisticRegression(max_iter=100000),0.01,0.62,0.96,pi3,0.01,0.9452712433989439,0.9476716274603937,10.76,0.98,14.226841517857142,True
pi3,LogisticRegression(max_iter=100000),0.02,0.61,0.95,pi2,0.01,0.9596735477676428,0.9582333173307729,10.76,0.96,14.226841517857142,True
pi2,LogisticRegression(max_iter=100000),0.01,0.56,0.97,pi3,0.01,0.9584,0.9616,17.04,0.99,22.66669921875,False
pi2,LogisticRegression(max_iter=100000),0.01,0.56,0.97,pi4,0.0,0.9685165421558164,0.9685165421558164,22.71,0.98,22.66669921875,False
pi3,LogisticRegression(max_iter=100000),0.01,0.54,0.96,pi2,0.01,0.9712153518123667,0.9712153518123667,17.04,0.96,22.66669921875,False
pi4,LogisticRegression(max_iter=100000),0.01,0.61,0.97,pi2,0.0,0.9712153518123667,0.9712153518123667,22.71,0.97,22.66669921875,False
