model_node,model,train_time,optimisation_time,model_r2,test_node,discrepancy,model_r2-d,test_r2,mmd_score,ocsvm_score,asmmd,balanced
pi3,LogisticRegression(max_iter=100000),0.02,0.69,0.95,pi4,0.01,0.9596735477676428,0.9596735477676428,21.23,0.98,25.974989149305557,True
pi4,LogisticRegression(max_iter=100000),0.01,0.73,0.96,pi3,0.01,0.946257197696737,0.9472168905950096,21.23,0.99,25.974989149305557,True
pi4,LogisticRegression(max_iter=100000),0.01,0.58,0.97,pi5,0.01,0.9631803628601922,0.9631803628601922,17.58,0.99,22.06953125,False
pi5,LogisticRegression(max_iter=100000),0.01,0.61,0.96,pi4,0.01,0.9722222222222222,0.9722222222222222,17.58,0.97,22.06953125,False
