model_node,model,model_r2,train_time,optimisation_time,test_node,discrepancy,model_r2-d,test_r2,mmd_score,ocsvm_score,asmmd,balanced
pi2,LogisticRegression(max_iter=100000),0.98,0.06,3.55,pi4,0.0,0.9818934299017071,0.9818934299017071,34.09,0.99,40.50390625,True
pi4,LogisticRegression(max_iter=100000),0.98,0.07,4.36,pi2,0.0,0.9787894464562855,0.9787894464562855,34.09,0.99,40.50390625,True
pi4,LogisticRegression(max_iter=100000),0.98,0.07,4.36,pi5,0.0,0.9793174767321613,0.9793174767321613,39.69,0.99,40.50390625,True
pi5,LogisticRegression(max_iter=100000),0.98,0.08,3.64,pi4,0.0,0.9818934299017071,0.9818934299017071,39.69,0.99,40.50390625,True
pi2,LogisticRegression(max_iter=100000),0.98,0.09,3.66,pi4,0.01,0.9879448909299655,0.9879448909299655,38.35,0.99,46.497767857142854,False
pi4,LogisticRegression(max_iter=100000),0.99,0.09,4.49,pi2,0.01,0.9827586206896551,0.9827586206896551,38.35,0.97,46.497767857142854,False
pi4,LogisticRegression(max_iter=100000),0.99,0.09,4.49,pi5,0.01,0.982183908045977,0.982183908045977,45.57,0.98,46.497767857142854,False
pi5,LogisticRegression(max_iter=100000),0.98,0.07,3.0,pi4,0.01,0.9879448909299655,0.9879448909299655,45.57,0.99,46.497767857142854,False
