model_node,model,train_time,optimisation_time,model_r2,test_node,discrepancy,model_r2-d,test_r2,mmd_score,ocsvm_score,asmmd,balanced
pi2,LogisticRegression(max_iter=100000),0.01,0.65,0.96,pi3,0.01,0.9486317810849736,0.9467114738358138,15.83,0.98,23.39462890625,True
pi2,LogisticRegression(max_iter=100000),0.01,0.65,0.96,pi5,0.01,0.950143815915628,0.9477468839884947,15.33,0.97,23.39462890625,True
pi3,LogisticRegression(max_iter=100000),0.01,0.66,0.95,pi2,0.01,0.9596928982725528,0.9606525911708254,15.83,0.98,23.39462890625,True
pi5,LogisticRegression(max_iter=100000),0.01,0.68,0.95,pi2,0.01,0.9606525911708254,0.9606525911708254,15.33,0.97,23.39462890625,True
pi2,LogisticRegression(max_iter=100000),0.02,0.6,0.97,pi3,0.01,0.9621131270010672,0.9621131270010672,19.19,0.98,31.39384765625,False
pi3,LogisticRegression(max_iter=100000),0.01,0.61,0.96,pi2,0.01,0.9707135250266241,0.9707135250266241,19.19,0.97,31.39384765625,False
